Song Name,Artists,Artist_ID,Track_ID,Happiness,Contentment,Confidence,Neutral,Sadness,Anger,Fear,Surprise,Disgust,Love,Excitement,Anticipation,Nostalgia,Confusion,Frustration,Longing,Optimism,Times_played,Matched_Emotions
Blinding Lights,The Weeknd,1Xyo4u8uXC1ZmMpatF05PJ,0VjIjW4GlUZAMYd2vXMi3b,1,0,0,0,0,0,0,0,0,0,1,1,0,0,0,0,0,1,2
Memories,Maroon 5,04gDigrS5kc9YWfZHwBETP,2b8fOow8UzyDFAE27YhOZM,0,0,0,0,1,0,0,0,0,0,0,0,1,0,0,1,0,1,0
SAD!,XXXTENTACION,15UsOTVnJzReFVN1VCnxy4,3ee8Jmje8o58CHK66QrVC2,0,0,0,0,1,1,0,0,0,0,0,0,0,0,1,0,0,1,0
STAY (with Justin Bieber),"The Kid LAROI, Justin Bieber",2tIP7SsRs7vjIcLrU85W8J,5HCyWlXZPP0y6Gqq8TgA20,1,0,0,0,0,0,0,0,0,1,1,0,0,0,0,0,0,0,2
Someone You Loved,Lewis Capaldi,4GNC7GD6oZMSxPGyXy4MNB,7qEHsqek33rTcFNT9PFqLf,0,0,0,0,1,0,0,0,0,0,0,0,0,0,0,1,0,0,0
drivers license,Olivia Rodrigo,1McMsnEElThX1knmY4oliG,7lPN2DXiMsVn7XUKtOW1CS,0,0,0,0,1,1,0,0,0,0,0,0,0,0,0,1,0,0,0
Let Me Down Slowly,Alec Benjamin,5IH6FPUwQTxPSXurCrcIov,2qxmye6gAegTMjLKEBoR3d,0,0,0,0,1,0,0,0,0,0,0,0,0,0,0,1,0,0,0
Never Be the Same,Camila Cabello,4nDoRrQiYLoBzwC5BhVJzF,4eWQlBRaTjPPUlzacqEeoQ,0,0,1,0,0,0,0,0,0,0,1,0,0,0,0,1,0,0,1
goosebumps,Travis Scott,0Y5tJX1MQlPlqiwlOH1tJY,6gBFPUFcJLzWGx4lenP6h2,0,0,0,0,0,0,1,0,0,0,1,0,0,0,0,0,0,0,1
Him & I,"G-Eazy, Halsey",02kJSzxNuaWGqwubyUba0Z,3YU6vJbjYUG0tiJyXf9x5V,0,0,0,0,0,0,0,0,0,1,1,0,0,0,0,1,0,0,1
Nonstop,Drake,3TVXtAsR1Inumwj472S9r4,0TlLq3lA83rQOYtrqBqSct,0,0,1,0,0,0,0,0,0,0,1,0,0,0,0,0,1,0,1
Savage Love (Laxed - Siren Beat),"Jawsh 685, Jason Derulo",56mfhUDKa1vec6rSLZV5Eg,1xQ6trAsedVPCdbtDAmk0c,1,0,0,0,0,0,0,0,0,0,1,0,0,0,0,0,0,0,2
7 rings,Ariana Grande,66CXWjxzNUsdJxJ2JdwvnR,6ocbgoVGwYJhOv1GgI9NsF,1,0,1,0,0,0,0,0,0,0,1,0,0,0,0,0,0,0,2
Happier,Ed Sheeran,6eUKZXaKkcviH0Ku9w2n3V,2RttW7RAu5nOAfq6YFvApB,0,0,0,0,1,0,0,0,0,0,0,0,1,0,0,1,0,0,0
Calm Down,Rema,46pWGuE3dSwY3bMMXGBvVS,6hgoYQDUcPyCz7LcTUHKxa,0,1,0,0,0,0,0,0,0,0,0,0,0,0,0,0,1,0,0
lovely (with Khalid),"Billie Eilish, Khalid",6qqNVTkY8uBg9cP3Jd7DAH,0u2P5u6lvoDfwTYjAADbn4,0,0,0,0,1,0,0,0,0,0,0,0,1,0,0,1,0,0,0
Heat Waves,Glass Animals,4yvcSjfu4PC0CYQyLy4wSq,3USxtqRwSYz57Ewm6wWRMp,0,0,0,0,1,0,0,0,0,0,0,0,0,0,0,1,0,0,0
Can't Hold Us (feat. Ray Dalton),"Macklemore & Ryan Lewis, Macklemore, Ryan Lewis, Ray Dalton",3JhNCzhSMTxs9WLGJJxWOY,22skzmqfdWrjJylampe0kt,0,0,1,0,0,0,0,0,0,0,1,0,0,0,0,0,1,0,1
Stereo Hearts (feat. Adam Levine),"Gym Class Heroes, Adam Levine",4IJczjB0fJ04gs4uvP0Fli,0qOnSQQF0yzuPWsXrQ9paz,0,0,0,0,0,0,0,0,0,1,1,0,0,0,0,0,1,0,1
Dusk Till Dawn (feat. Sia) - Radio Edit,"ZAYN, Sia",5ZsFI1h6hIdQRw2ti0hz81,3e7sxremeOE3wTySiOhGiP,0,0,0,0,0,0,0,0,0,1,0,1,0,0,0,0,0,0,0
Bad Liar,Imagine Dragons,53XhwfbYqKCa1cC15pYq2q,2RSHsoi04658QL5xgQVov3,0,0,0,0,0,0,0,0,0,0,0,0,0,1,1,1,0,0,0
FRIENDS,"Marshmello, Anne-Marie",64KEffDW9EtZ1y2vBYgq8T,08bNPGLD8AhKpnnERrAc6G,1,0,1,0,0,0,0,0,0,0,1,0,0,0,0,0,0,0,2
Treat You Better,Shawn Mendes,7n2wHs1TKAczGzO7Dd2rGr,3QGsuHI8jO1Rx4JWLUh9jd,0,0,0,0,1,0,0,0,0,0,0,0,0,0,1,1,0,0,0
Love The Way You Lie,"Eminem, Rihanna",7dGJo4pcD2V6oG8kP0tJRR,15JINEqzVMv3SvJTAXAKED,0,0,0,0,1,1,0,0,0,1,0,0,0,0,0,0,0,0,0
Wolves,"Selena Gomez, Marshmello",0C8ZW7ezQVs4URX5aX7Kqx,0tBbt8CrmxbjRP0pueQkyU,1,0,0,0,0,0,0,0,0,0,1,0,0,0,0,0,1,0,2
Se√±orita,"Shawn Mendes, Camila Cabello",7n2wHs1TKAczGzO7Dd2rGr,6v3KW9xbzN5yKLt9YKDYA2,1,0,0,0,0,0,0,0,0,1,1,0,0,0,0,0,0,0,2
No Lie,"Sean Paul, Dua Lipa",3Isy6kedDrgPYoTS1dazA9,48QmG1dfvMuYLxMPt7KSRA,1,0,1,0,0,0,0,0,0,0,1,0,0,0,0,0,0,0,2
Whatever It Takes,Imagine Dragons,53XhwfbYqKCa1cC15pYq2q,6Qn5zhYkTa37e91HC1D7lb,0,0,1,0,0,0,0,0,0,0,0,0,0,0,0,0,1,0,0
Falling,Trevor Daniel,7uaIm6Pw7xplS8Dy06V6pT,0Aqi7ArnBrGblW5T6p2jmD,0,0,0,0,1,0,0,0,0,0,0,0,0,0,0,1,0,0,0
Hymn for the Weekend,Coldplay,4gzpq5DPGxSnKTe4SA8HAU,3RiPr603aXAoi4GHyXx0uy,1,0,0,0,0,0,0,0,0,0,1,0,0,0,0,0,1,0,2
Counting Stars,OneRepublic,5Pwc4xIPtQLFEnJriah9YJ,2tpWsVSb9UEmDRxAl1zhX1,1,0,0,0,0,0,0,0,0,0,1,0,0,0,0,0,1,0,2
Rockabye (feat. Sean Paul & Anne-Marie),"Clean Bandit, Sean Paul, Anne-Marie",6MDME20pz9RveH9rEXvrOM,2hrUO4drrO63i7FYbCLBl2,1,0,0,0,0,0,0,0,0,1,0,0,0,0,0,0,1,0,1
Something Just Like This,"The Chainsmokers, Coldplay",69GGBxA162lTqCwzJG5jLp,6RUKPb4LETWmmr3iAEQktW,1,0,0,0,0,0,0,0,0,1,0,0,0,0,0,0,0,0,1
Perfect,Ed Sheeran,6eUKZXaKkcviH0Ku9w2n3V,0tgVpDi06FyKpA1z0VMD4v,1,0,0,0,0,0,0,0,0,1,0,0,0,0,0,0,0,0,1
Attention,Charlie Puth,6VuMaDnrHyPL1p4EHjYLi7,5cF0dROlMOK5uNZtivgu50,1,0,0,0,0,0,0,0,0,0,0,1,0,0,1,0,0,0,1
Symphony (feat. Zara Larsson),"Clean Bandit, Zara Larsson",6MDME20pz9RveH9rEXvrOM,72gv4zhNvRVdQA0eOenCal,1,0,0,0,0,0,0,0,0,1,1,0,0,0,0,0,0,0,2
Believer,Imagine Dragons,53XhwfbYqKCa1cC15pYq2q,0pqnGHJpmpxLKifKRmU6WP,0,0,1,0,0,1,0,0,0,0,0,0,0,0,0,0,1,0,0
The Greatest,Sia,5WUlDfRSoLAfcVSX1WnrxN,6bLopGnirdrilrpdVB6Um1,1,0,1,0,0,0,0,0,0,0,1,0,0,0,0,0,0,0,2
Thunder,Imagine Dragons,53XhwfbYqKCa1cC15pYq2q,1zB4vmk8tFRmM9UULNzbLB,0,0,1,0,0,0,0,0,0,0,1,0,0,0,0,0,1,0,1
Closer,"The Chainsmokers, Halsey",69GGBxA162lTqCwzJG5jLp,7BKLCZ1jbUBVqRi2FVlTVw,0,0,0,0,0,0,0,0,0,0,1,0,0,0,0,1,1,0,1
Let Me Love You,"DJ Snake, Justin Bieber",540vIaP2JwjQb9dm3aArA4,0lYBSQXN6rCTvUZvg9S0lU,1,0,0,0,0,0,0,0,0,1,1,0,0,0,0,0,0,0,2
See You Again (feat. Charlie Puth),"Wiz Khalifa, Charlie Puth",137W8MRPWKqSmrBGDBFSop,2JzZzZUQj3Qff7wapcbKjc,0,0,0,0,1,0,0,0,0,0,0,0,1,0,0,1,0,0,0
Maps,Maroon 5,04gDigrS5kc9YWfZHwBETP,4gbVRS8gloEluzf0GzDOFc,0,0,0,0,1,0,0,0,0,0,0,0,0,0,0,1,1,0,0
I Don‚Äôt Wanna Live Forever (Fifty Shades Darker),"ZAYN, Taylor Swift",06HL4z0CvFAxyc27GXpf02,55n9yjI6qqXh5F2mYvUc2y,0,0,0,0,1,1,0,0,0,0,0,0,0,0,0,0,0,0,0
Animals,Maroon 5,04gDigrS5kc9YWfZHwBETP,2bL2gyO6kBdLkNSkxXNh6x,0,0,1,0,0,0,0,0,0,0,1,0,0,0,1,0,0,0,1
Shape of You,Ed Sheeran,6eUKZXaKkcviH0Ku9w2n3V,7qiZfU4dY1lWllzX7mPBI3,1,0,0,0,0,0,0,0,0,1,1,0,0,0,0,0,0,0,2
Paris,The Chainsmokers,69GGBxA162lTqCwzJG5jLp,72jbDTw1piOOj770jWNeaG,1,0,0,0,0,0,0,0,0,0,1,0,0,0,0,0,1,0,2
The Middle,"Zedd, Maren Morris, Grey",2qxJFvFYMEDqd7ui6kSAcq,09IStsImFySgyp0pIQdqAc,1,0,0,0,0,0,0,0,0,0,1,0,0,0,0,0,1,0,2
Titanium (feat. Sia),"David Guetta, Sia",1Cs0zKBU1kc0i8ypK3B9ai,0lHAMNU8RGiIObScrsRgmP,1,0,1,0,0,0,0,0,0,0,0,0,0,0,0,0,0,0,1
"Take Me Home, Country Roads - Original Version",John Denver,7EK1bQADBoqbYXnT4Cqv9w,1YYhDizHx7PnDhAhko6cDS,0,0,0,0,0,0,0,0,0,1,0,0,1,0,0,0,1,0,0
Waiting for a Girl like You,Foreigner,6IRouO5mvvfcyxtPDKMYFN,2OgVsp77En2nju8pnCieVU,0,0,0,0,1,0,0,0,0,0,0,0,0,0,0,1,1,0,0
I Want to Know What Love Is - 1999 Remaster,Foreigner,6IRouO5mvvfcyxtPDKMYFN,1JLn8RhQzHz3qDqsChcmBl,1,0,0,0,0,0,0,0,0,1,0,0,0,0,0,0,0,0,1
As It Was,Harry Styles,6KImCVD70vtIoJWnq6nGn3,4Dvkj6JhhA12EX05fT7y2e,0,0,0,0,1,0,0,0,0,0,0,0,1,0,0,1,0,0,0
Viva La Vida,Coldplay,4gzpq5DPGxSnKTe4SA8HAU,1mea3bSkSGXuIRvnydlB5b,0,0,0,0,1,0,0,0,0,0,0,0,1,0,0,0,1,0,0
Take on Me,a-ha,2jzc5TC5TVFLXQlBNiIUzE,2WfaOiMkCvy7F5fcp2zZ8L,0,0,0,0,0,0,0,0,0,0,1,1,0,0,0,0,0,0,1
Bohemian Rhapsody,Queen,1dfeR4HaWDbWqFHLkxsg1d,3z8h0TU7ReDPLIbEnYhWZb,0,0,0,0,1,0,0,0,0,0,0,0,1,0,1,0,0,0,0
The Final Countdown,Europe,7Js6Lde8thlIHXggv2SCBz,3MrRksHupTVEQ7YbA0FsZK,0,0,0,0,0,0,0,0,0,0,1,1,0,0,0,0,1,0,1
Live Is Life,Opus,5pf1217gT8zcjOFc7oMi47,76pyWH7ZLr6q4kJZS3MmEE,1,0,0,0,0,0,0,0,0,0,1,0,0,0,0,0,1,0,2
Cheap Thrills,Sia,5WUlDfRSoLAfcVSX1WnrxN,27SdWb2rFzO6GWiYDBTD9j,1,0,0,0,0,0,0,0,0,0,1,0,0,0,0,0,1,0,2
We Who Lament,"Earthside, Keturah",6mRDRKsNautYuxybddnvgg,60YFo3TyBJ1nd2Flke5SYK,0,0,0,0,1,0,0,0,0,0,0,0,1,0,0,1,0,0,0
"Alone, Pt. II","Alan Walker, Ava Max",7vk5e3vY1uw9plTHJAMwjN,28VbwtsYnj85UEODGpQRem,0,0,0,0,1,0,0,0,0,0,0,0,0,0,0,1,0,0,0
I'm Good (Blue),"David Guetta, Bebe Rexha",1Cs0zKBU1kc0i8ypK3B9ai,4uUG5RXrOk84mYEfFvj3cK,1,0,0,0,0,0,0,0,0,0,1,0,0,0,0,0,1,0,2
Bones,Imagine Dragons,53XhwfbYqKCa1cC15pYq2q,54ipXppHLA8U4yqpOFTUhr,0,0,0,0,1,0,0,0,0,0,0,0,1,0,0,1,0,0,0
Demons,Imagine Dragons,53XhwfbYqKCa1cC15pYq2q,5qaEfEh1AtSdrdrByCP7qR,0,0,0,0,1,1,1,0,0,0,0,0,0,0,0,0,0,0,0
Something Just Like This,"The Chainsmokers, Coldplay",69GGBxA162lTqCwzJG5jLp,6RUKPb4LETWmmr3iAEQktW,0,0,0,0,0,0,0,0,0,1,1,0,0,0,0,0,1,0,1
A Sky Full of Stars,Coldplay,4gzpq5DPGxSnKTe4SA8HAU,0FDzzruyVECATHXKHFs9eJ,1,0,0,0,0,0,0,0,0,0,1,0,0,0,0,0,1,0,2
Hips Don't Lie (feat. Wyclef Jean),"Shakira, Wyclef Jean",0EmeFodog0BfCgMzAIvKQp,3ZFTkvIE7kyPt6Nu3PEa7V,1,0,1,0,0,0,0,0,0,0,1,0,0,0,0,0,0,0,2
Wavin' Flag - Coca-Cola¬Æ Celebration Mix,K'NAAN,7pGyQZx9thVa8GxMBeXscB,4nOygULhEuDO5ZBRNPFaso,1,0,0,0,0,0,0,0,0,0,1,0,0,0,0,0,1,0,2
Time of Our Lives,Chawki,79b2ipSR68Uf9EzA438KZt,1OPLF48hCfqeEjlFP3e8xX,0,0,0,0,0,0,0,0,0,1,1,0,0,0,0,0,1,0,1
The Nights,Avicii,1vCWHaC5f2uS3yhpwWbIA6,0ct6r3EGTcMLPtrXHDvVjc,0,0,0,0,0,0,0,0,0,0,1,1,0,0,0,0,1,0,1
Hall of Fame (feat. will.i.am),"The Script, will.i.am",3AQRLZ9PuTAozP28Skbq8V,7wMq5n8mYSKlQIGECKUgTX,0,0,1,0,0,0,0,0,0,0,0,0,0,0,0,0,0,0,0
Hotel California - 2013 Remaster,Eagles,0ECwFtbIWEVNwjlrfc6xoL,40riOy7x9W7GXjyGp4pjAv,0,0,0,0,0,0,0,0,0,0,0,0,1,0,0,1,0,0,0
Laid to Rest,Lamb of God,3JFsVIxOn7STeilPICkkB2,1yc53HK08sDab7PDFgnLWk,0,0,0,0,0,1,0,0,0,0,0,0,0,0,1,0,0,0,0
Are You Dead Yet?,Children Of Bodom,1xUhNgw4eJDZfvumIpcz1B,52s05aBQd2LVc6EWIQCQI1,0,0,0,0,0,1,0,0,0,0,0,0,0,0,1,0,0,0,0
Breaking the Law,Judas Priest,2tRsMl4eGxwoNabM08Dm4I,2RaA6kIcvomt77qlIgGhCT,0,0,0,0,0,1,0,0,0,0,0,0,0,0,1,0,0,0,0
Holy Wars...The Punishment Due - 2004 Remix,Megadeth,1Yox196W7bzVNZI7RBaPnf,5LyRtsQLhcXmy50VXhQXXS,0,0,0,0,0,1,0,0,0,0,0,1,0,0,1,0,0,0,0
Symphony Of Destruction - Remastered 2012,Megadeth,1Yox196W7bzVNZI7RBaPnf,5mR858YsHYG761aUqZoGkD,0,0,0,0,0,1,0,0,0,0,0,0,0,0,1,0,0,0,0
Painkiller,Judas Priest,2tRsMl4eGxwoNabM08Dm4I,0L7zm6afBEtrNKo6C6Gj08,0,0,0,0,0,1,0,0,0,0,0,0,0,0,1,0,1,0,0
Cowboys from Hell,Pantera,14pVkFUHDL207LzLHtSA18,2SgbR6ttzoNlCRGQOKjrop,0,0,0,0,0,1,0,0,0,0,1,0,0,0,0,0,0,0,1
Heaven and Hell - 2008 Remaster,Black Sabbath,5M52tdBnJaKSvOpJGz8mfZ,3Jl5GohfNwozDmpzmQBLDI,0,0,0,0,0,0,1,0,0,0,0,0,0,1,0,0,0,0,0
Raining Blood,Slayer,1IQ2e1buppatiN1bxUVkrk,01Mpj13vURSO3cCLprPt5T,0,0,0,0,0,1,1,0,0,0,0,0,0,0,0,0,0,0,0
Pull Me Under,Dream Theater,2aaLAng2L2aWD2FClzwiep,5CPXR6lDTvngxtmMZxnWmC,0,0,0,0,1,0,0,0,0,0,0,0,0,0,1,1,0,0,0
Bleed,Meshuggah,3ggwAqZD3lyT2sbovlmfQY,4E6wpXABj8XosZEPXZz2OK,0,0,0,0,0,1,0,0,0,0,0,0,0,1,1,0,0,0,0
Paranoid - 2012 - Remaster,Black Sabbath,5M52tdBnJaKSvOpJGz8mfZ,1Y373MqadDRtclJNdnUXVc,0,0,0,0,0,1,1,0,0,0,0,0,0,0,1,0,0,1,0
Flying Whales,Gojira,0GDGKpJFhVpcjIGF8N6Ewt,5OjCsHeByDYEGxMrb1z8KQ,0,0,0,0,0,1,0,0,0,0,1,0,0,0,1,0,0,0,1
Blood and Thunder,Mastodon,1Dvfqq39HxvCJ3GvfeIFuT,3jagGO7eHHuaD53ibehkux,0,0,0,0,0,1,1,0,0,0,1,0,0,0,0,0,0,0,1
Voice of the Soul,Death,4f5V3PQ66nIrBCqugJtaGn,69Yia3qCLw6N9U80WhLwLn,0,0,0,0,1,0,0,0,0,0,0,0,1,0,0,1,0,0,0
Ghost of Perdition,Opeth,0ybFZ2Ab08V8hueghSXm6E,0ppdt8zRZOHIKh4ZDB0Zp9,0,0,0,0,1,1,1,0,0,0,0,0,0,0,0,0,0,0,0
Psychosocial,Slipknot,05fG473iIaoy82BF1aGhL8,3RAFcUBrCNaboRXoP3S5t1,0,0,0,0,0,1,0,0,0,0,0,0,0,0,1,0,0,0,0
In Waves,Trivium,278ZYwGhdK6QTzE3MFePnP,1yYr4D1KjhhyDD5bZIiFQy,0,0,0,0,0,1,0,0,0,0,0,0,0,0,1,0,0,0,0
Blackwater Park,Opeth,0ybFZ2Ab08V8hueghSXm6E,7IDQX9EUgMNQTgYcZSpO1d,0,0,0,0,1,1,1,0,0,0,0,0,0,0,0,0,0,0,0
As I Am,Dream Theater,2aaLAng2L2aWD2FClzwiep,6hz6lrQtLcxOOjflnYjF9o,0,0,1,0,0,0,0,0,0,0,1,0,0,0,0,0,1,0,1
Needled 24 / 7,Children Of Bodom,1xUhNgw4eJDZfvumIpcz1B,1aKrYw2i1mWRPMOUUe3dT8,0,0,0,0,0,1,0,0,0,0,1,0,0,0,1,0,0,0,1
Hail to the King,Avenged Sevenfold,0nmQIMXWTXfhgOBdNzhGOs,5anCkDvJ17aznvK5TED5uo,0,0,0,0,0,1,1,0,0,0,1,0,0,0,0,0,0,0,1
Toxicity,System Of A Down,5eAWCfyUhZtHHtBdNk56l1,0snQkGI5qnAmohLE7jTsTn,0,0,0,0,0,1,0,0,0,0,0,0,0,1,1,0,0,0,0
Schism,TOOL,2yEwvVSSSUkcLeSTNyHKh8,55mJleti2WfWEFNFcBduhc,0,0,0,0,1,1,0,0,0,0,0,0,0,1,0,0,0,0,0
B.Y.O.B.,System Of A Down,5eAWCfyUhZtHHtBdNk56l1,0EYOdF5FCkgOJJla8DI2Md,0,0,0,0,0,1,0,0,1,0,0,0,0,0,1,0,0,0,0
Nightmare,Avenged Sevenfold,0nmQIMXWTXfhgOBdNzhGOs,4UEo1b0wWrtHMC8bVqPiH8,0,0,0,0,0,1,1,0,0,0,0,0,0,0,1,0,0,1,0
Through the Fire and Flames,DragonForce,2pH3wEn4eYlMMIIQyKPbVR,6nnacTL5on2aVsRhVDNUSo,0,0,0,0,0,0,0,0,0,0,1,1,0,0,0,0,1,0,1
Killing In The Name,Rage Against The Machine,2d0hyoQ5ynDBnkvAbJKORj,59WN2psjkt1tyaxjspN8fp,0,0,0,0,0,1,0,0,0,0,0,0,0,0,1,0,0,0,0
Cirice,Ghost,1Qp56T7n950O3EGMsSl81D,3ZXZ9RMsznqgyHnyq0K5FL,0,0,0,0,1,0,1,0,0,0,0,0,0,0,0,0,0,0,0
Welcome To The Jungle,Guns N' Roses,3qm84nBOXUEQ2vnTfUTTFC,0G21yYKMZoHa30cYVi1iA8,0,0,0,0,0,1,1,0,0,0,1,0,0,0,0,0,0,0,1
Rock You Like A Hurricane,Scorpions,27T030eWyCQRmDyuvr1kxY,58XWGx7KNNkKneHdprcprX,0,0,1,0,0,0,0,0,0,0,1,0,0,0,0,0,0,0,1
The Pot,TOOL,2yEwvVSSSUkcLeSTNyHKh8,1lATXTBJDHwawvT1UfxWu3,0,0,1,0,0,1,0,0,0,0,0,0,0,0,1,0,0,0,0
To Hell and Back,Sabaton,3o2dn2O0FCVsWDFSh8qxgG,1BrgjqSg9du0lj3TUMLluL,0,0,1,0,0,0,0,0,0,0,1,0,0,0,0,0,1,0,1
Duality,Slipknot,05fG473iIaoy82BF1aGhL8,61mWefnWQOLf90gepjOCb3,0,0,0,0,0,1,0,0,0,0,0,0,0,0,1,0,0,0,0
The Trooper (2015 Remaster),Iron Maiden,6mdiAmATAx73kdxrNrnlao,2C3B3dva983HPMojFqWLOp,0,0,0,0,0,0,0,0,0,0,1,1,0,0,0,0,1,0,1
Walk,Pantera,14pVkFUHDL207LzLHtSA18,7fcfNW0XxTWlwVlftzfDOR,0,0,0,0,0,1,0,0,0,0,0,0,0,0,1,0,0,0,0
In the End,Linkin Park,6XyY86QOPPrYVGvF9ch6wz,60a0Rd6pjrkxjPbaKzXjfq,0,0,0,0,1,1,0,0,0,0,0,0,0,0,1,0,0,0,0
Numb,Linkin Park,6XyY86QOPPrYVGvF9ch6wz,2nLtzopw4rPReszdYBJU6h,0,0,0,0,1,1,0,0,0,0,0,0,0,0,1,0,0,1,0
Wake Me Up,Avicii,1vCWHaC5f2uS3yhpwWbIA6,0nrRP2bk19rLc0orkWPQk2,1,0,0,0,0,0,0,0,0,0,1,0,0,0,0,0,1,0,2
I Want It That Way,Backstreet Boys,5rSXSAkZ67PYJSvpUpkOr7,47BBI51FKFwOMlIiX6m8ya,1,0,0,0,0,0,0,0,0,1,1,0,0,0,0,0,0,0,2
Back In Black,AC/DC,711MCceyCBcFnzjGY4Q7Un,08mG3Y1vljYA6bvDt4Wqkj,0,0,1,0,0,0,0,0,0,0,1,0,0,0,0,0,1,0,1
Sweet Child O' Mine,Guns N' Roses,3qm84nBOXUEQ2vnTfUTTFC,7snQQk1zcKl8gZ92AnueZW,1,0,0,0,0,0,0,0,0,1,0,0,0,0,0,0,0,0,1
Zombie,The Cranberries,7t0rwkOPGlDPEhaOcVtOt9,7EZC6E7UjZe63f1jRmkWxt,0,0,0,0,1,1,0,0,0,0,0,0,0,0,1,0,0,1,0
You Give Love A Bad Name,Bon Jovi,58lV9VcRSjABbAbfWS6skp,0rmGAIH9LNJewFw7nKzZnc,0,0,0,0,1,1,0,0,0,0,0,0,0,0,1,0,0,0,0
Pablo Sandhanam - Background Score,Anirudh Ravichander,4zCH9qm4R2DADamUHMCa6O,5iUbq311UD3MZYmfi2a1Ob,0,0,0,0,0,0,0,0,0,0,1,1,0,0,0,0,1,0,1
Wait and Bleed,Slipknot,05fG473iIaoy82BF1aGhL8,2gscB6kDOmrv1P6qs2KXE3,0,0,0,0,0,1,0,0,0,0,0,0,0,0,1,0,1,0,0
Sugar,System Of A Down,5eAWCfyUhZtHHtBdNk56l1,31RTFPrB7wmYBhlkM2ILXG,0,0,0,0,0,1,0,0,0,0,0,0,0,1,1,0,0,0,0
Unsainted,Slipknot,05fG473iIaoy82BF1aGhL8,5mpUKTdskZea0gStWzeHUZ,0,0,0,0,0,1,0,0,0,0,0,0,0,0,1,0,0,0,0
TIRED OF PROBLEMS,"NUEKI, TOLCHONOV, glichery",1nccv1GNVkBdvsYi2FB5FB,5L7h1PCOF5lrX3e3v8sJAx,0,0,0,0,1,0,0,0,0,0,0,0,0,0,1,1,0,0,0
Cornfield Chase,Hans Zimmer,0YC192cP3KPCRWx8zr8MfZ,6pWgRkpqVfxnj3WuIcJ7WP,0,0,0,0,0,0,0,0,0,0,1,1,0,0,0,0,1,0,1
No Time for Caution,Hans Zimmer,0YC192cP3KPCRWx8zr8MfZ,5aaXqH8rgKZxg61HjECldi,0,0,1,0,0,0,0,0,0,0,1,1,0,0,0,0,0,0,1
Mountains,Hans Zimmer,0YC192cP3KPCRWx8zr8MfZ,0Sg3UL7f40ulmTh0Xwr6qY,1,0,0,0,0,0,0,0,0,0,1,0,0,0,0,0,1,0,2
Organ Variation,Hans Zimmer,0YC192cP3KPCRWx8zr8MfZ,6dkJvNZ7DJWzTFXv3KHmoT,0,0,1,0,0,0,0,0,0,0,1,0,1,0,0,0,0,0,1
Seven Nation Army,The White Stripes,4F84IBURUo98rz4r61KF70,3dPQuX8Gs42Y7b454ybpMR,0,0,1,0,0,1,0,0,0,0,0,0,0,0,0,0,0,0,0
Thunderstruck,AC/DC,711MCceyCBcFnzjGY4Q7Un,57bgtoPSgt236HzfBOd8kj,0,0,1,0,0,0,0,0,0,0,1,0,0,0,0,0,1,0,1
Beat It,Michael Jackson,3fMbdgg4jU18AjLCKBhRSm,3BovdzfaX4jb5KFQwoPfAw,0,0,1,0,0,0,0,0,0,0,1,0,0,0,0,0,1,0,1
Last Resort,Papa Roach,4RddZ3iHvSpGV4dvATac9X,5W8YXBz9MTIDyrpYaCg2Ky,0,0,0,0,1,1,0,0,0,0,0,0,0,0,1,0,0,0,0
21 Guns,Green Day,7oPftvlwr6VrsViSDV7fJY,64yrDBpcdwEdNY9loyEGbX,0,0,0,0,1,1,0,0,0,0,0,0,0,0,0,1,0,0,0
Pumped Up Kicks,Foster The People,7gP3bB2nilZXLfPHJhMdvc,7w87IxuO7BDcJ3YUqCyMTT,1,1,0,0,0,0,0,0,0,0,0,0,0,0,0,0,0,0,1
Africa,TOTO,0PFtn5NtBbbUNbU9EAmIWF,2374M0fQpWi3dLnB54qaLX,1,0,0,0,0,0,0,0,0,0,0,0,1,0,0,0,1,0,1
Wake Me up When September Ends,Green Day,7oPftvlwr6VrsViSDV7fJY,3ZffCQKLFLUvYM59XKLbVm,0,0,0,0,1,0,0,0,0,0,0,0,1,0,0,0,0,1,0
Immigrant Song - Remaster,Led Zeppelin,36QJpDe2go2KgaRleHCDTp,78lgmZwycJ3nzsdgmPPGNx,0,0,1,0,0,0,0,1,0,0,1,0,0,0,0,0,0,0,1
American Idiot,Green Day,7oPftvlwr6VrsViSDV7fJY,6nTiIhLmQ3FWhvrGafw2zj,0,0,0,0,0,1,0,0,0,0,0,0,0,0,1,0,0,0,0
Shut Up and Dance,WALK THE MOON,6DIS6PRrLS3wbnZsf7vYic,4kbj5MwxO1bq9wjT5g9HaA,1,0,1,0,0,0,0,0,0,0,1,0,0,0,0,0,0,0,2
Summer Of '69,Bryan Adams,3Z02hBLubJxuFJfhacLSDc,0GONea6G2XdnHWjNZd6zt3,1,0,0,0,0,0,0,0,0,0,0,0,1,0,0,0,0,0,1
The Sound of Silence,Disturbed,3TOqt5oJwL9BE2NG9MEwDa,0eZBeB2xFIS65jQHerispi,0,0,0,0,1,1,0,0,0,0,0,0,0,1,0,0,0,0,0
November Rain,Guns N' Roses,3qm84nBOXUEQ2vnTfUTTFC,3YRCqOhFifThpSRFJ1VWFM,0,0,0,0,1,0,0,0,0,0,0,0,1,0,0,1,0,1,0
Knockin' On Heaven's Door,Guns N' Roses,3qm84nBOXUEQ2vnTfUTTFC,4JiEyzf0Md7KEFFGWDDdCr,0,0,0,0,1,0,0,0,0,0,0,0,1,0,0,1,0,0,0
Sweet Home Alabama,Lynyrd Skynyrd,4MVyzYMgTwdP7Z49wAZHx0,7e89621JPkKaeDSTQ3avtg,1,0,0,0,0,0,0,0,0,0,0,0,1,0,0,0,0,0,1
You Shook Me All Night Long,AC/DC,711MCceyCBcFnzjGY4Q7Un,2SiXAy7TuUkycRVbbWDEpo,1,0,1,0,0,0,0,0,0,0,1,0,0,0,0,0,0,0,2
Smooth Criminal - 2012 Remaster,Michael Jackson,3fMbdgg4jU18AjLCKBhRSm,5T7ywazdGIydr6JCW6t02j,0,0,1,0,0,0,0,0,0,0,1,1,0,0,0,0,0,0,1
Snow (Hey Oh),Red Hot Chili Peppers,0L8ExT028jH3ddEcZwqJJ5,2aibwv5hGXSgw7Yru8IYTO,1,0,0,0,0,0,0,0,0,0,1,0,0,0,0,0,1,0,2
"You're Gonna Go Far, Kid",The Offspring,5LfGQac0EIXyAN8aUwmNAQ,6TfBA04WJ3X1d1wXhaCFVT,0,0,1,0,0,1,0,0,0,0,1,0,0,0,0,0,0,0,1
Mr. Brightside,The Killers,0C0XlULifJtAgn6ZNCW2eu,003vvx7Niy0yvhvHt4a68B,0,0,0,0,1,0,0,0,0,0,0,0,0,0,0,1,0,0,0
Highway to Hell,AC/DC,711MCceyCBcFnzjGY4Q7Un,2zYzyRzz6pRmhPzyfMEC8s,0,0,0,0,0,1,0,0,0,0,1,0,0,0,1,0,0,0,1
Centuries,Fall Out Boy,4UXqAaa6dQYAk18Lv7PEgX,04aAxqtGp5pv12UXAg4pkq,0,0,0,0,0,0,0,0,0,0,1,1,0,0,0,0,1,0,1
It's My Life,Bon Jovi,58lV9VcRSjABbAbfWS6skp,0v1XpBHnsbkCn7iJ9Ucr1l,0,0,1,0,0,0,0,0,0,0,0,0,0,0,0,0,1,0,0
Toss A Coin To Your Witcher,"Sonya Belousova, Giona Ostinelli, Joey Batey",0JnNzCUsHuDcUcBatOzuGP,2KMLGJ1mPfRE4GNdL92rl3,1,0,0,0,0,0,0,0,0,0,1,1,0,0,0,0,0,0,2
Sleepwalking,The Chain Gang Of 1974,0LyfQWJT6nXafLPZqxe9Of,0j4mJiFv3L87bl9X5MPMsm,0,0,0,0,1,0,0,0,0,0,0,0,1,0,0,1,0,1,0
Paint The Town Red,Doja Cat,5cj0lLjcoR7YOSnhnX0Po5,2IGMVunIBsBLtEQyoI1Mu7,0,0,1,0,0,0,0,0,0,0,1,0,0,0,0,0,1,0,1
Houdini,Dua Lipa,6M2wZ9GZgrQXHCFfjv46we,4OMJGnvZfDvsePyCwRGO7X,0,0,1,0,0,0,0,0,0,0,1,0,0,0,0,0,1,0,1
Levitating,Dua Lipa,6M2wZ9GZgrQXHCFfjv46we,39LLxExYz6ewLAcYrzQQyP,1,0,1,0,0,0,0,0,0,0,1,0,0,0,0,0,0,0,2
Sweet Victory,"David Glen Eisley, Bob Kulick",7iAUZj65TsyjfcvprSYb9w,287pDdRjRYf7sd84fzupQo,1,0,0,0,0,0,0,0,0,0,1,0,0,0,0,0,1,0,2
Free Bird - Edit,Lynyrd Skynyrd,0LyfQWJT6nXafLPZqxe9Of,4D65zMx01EirTnqzJMJ9PF,0,0,0,0,0,0,0,0,0,1,0,0,1,0,0,1,0,0,0
All Day and All of the Night,The Kinks,1SQRv42e4PjEYfPhS0Tk9E,78JmElAFmrPNhLjovDR9Jm,1,0,0,0,0,0,0,0,0,0,1,0,0,0,0,0,1,0,2
Trndsttr,"Black Coast, M. Maggie",4JMdvZoXArDVuMNNelKmjo,4j2NMbqTSjcWgcAS70N4oD,0,0,0,0,0,0,0,0,0,0,1,1,0,0,0,0,0,0,1
Run Boy Run,Woodkid,44TGR1CzjKBxSHsSEy7bi9,0boS4e6uXwp3zAvz1mLxZS,0,0,0,0,0,0,0,0,0,0,1,1,0,0,0,0,1,0,1
Dog Days Are Over,Florence + The Machine,1moxjboGR7GNWYIMWsRjgG,1YLJVmuzeM2YSUkCCaTNUB,1,0,0,0,0,0,0,0,0,1,0,0,0,0,0,0,1,0,1
Eye For an Eye,Rina Sawayama,75fIuwXxhZ1atNzWLMrgF0,1hRrievgkY2btSO22ijJnB,0,0,0,0,1,1,0,0,0,0,0,0,0,0,1,0,0,0,0
Bitter Sweet Symphony - Remastered 2016,The Verve,2cGwlqi3k18jFpUyTrsR84,57iDDD9N9tTWe75x6qhStw,0,0,0,0,1,0,0,0,0,0,0,0,1,0,0,1,0,1,0
Disintegration - 2010 Remaster,The Cure,7bu3H8JO7d0UbMoVzbo70s,0zY8t5dC1KQXcPUKByWMJM,0,0,0,0,1,0,0,0,0,0,0,0,1,0,0,0,0,1,0
Rasputin,Boney M.,54R6Y0I7jGUCveDTtI21nb,5jkFvD4UJrmdoezzT1FRoP,1,0,0,0,0,0,0,0,0,0,1,1,0,0,0,0,0,0,2
Monster,Skillet,49bzE5vRBRIota4qeHtQM8,2UREu1Y8CO4jXkbvqAtP7g,0,0,0,0,0,1,1,0,0,0,0,0,0,0,1,0,0,0,0
Done for Me (feat. Kehlani),"Charlie Puth, Kehlani",6VuMaDnrHyPL1p4EHjYLi7,1lsBTdE6MGsKeZCD6llNu7,0,0,0,0,1,0,0,0,0,1,0,0,0,0,1,0,0,0,0
Die For You,The Weeknd,1Xyo4u8uXC1ZmMpatF05PJ,2Ch7LmS7r2Gy2kc64wv3Bz,0,0,0,0,1,0,0,0,0,1,0,0,0,0,0,1,0,0,0
Shankara,Hilight Tribe,62RdOEwjfXjFOQpKdufMR7,3ChrN5yqI2YE6eAMMfvDs1,0,0,0,0,0,0,0,0,0,0,1,1,0,0,0,0,1,0,1
MONEY,LISA,5L1lO4eRHmJ7a0Q6csE5cT,45OX2jjEw1l7lOFJfDP9fv,0,0,1,0,0,0,0,0,0,1,1,0,0,0,0,0,0,0,1
INDUSTRY BABY (feat. Jack Harlow),"Lil Nas X, Jack Harlow",7jVv8c5Fj3E9VhNjxT4snq,27NovPIUIRrOZoCHxABJwK,0,0,1,0,0,0,0,0,0,0,1,0,0,0,0,0,1,0,1
Follow,"Martin Garrix, Zedd",60d24wfXkVzDSfLS6hyCjZ,5aXTfpNOqLj35ydEiLio67,0,0,0,0,0,0,0,0,0,1,1,0,0,0,0,0,1,0,1
Beggin (original version),Madcon,6c4sUNBgdonFJz8Kx2VsGz,1XyL3J7eTTKnxRZAM3LqIT,0,0,0,0,0,0,0,0,0,0,1,1,0,0,0,0,1,0,1
Wrong,Depeche Mode,762310PdDnwsDxAQxzQkfX,1EpjMVaoloW4sLIdfVD6P8,0,0,0,0,1,0,0,0,0,0,0,0,0,0,1,1,0,0,0
Alors on danse - Radio Edit,Stromae,5j4HeCoUlzhfWtjAfM1acR,2GYHyAoLWpkxLVa4oYTVko,1,0,0,0,0,0,0,0,0,0,1,0,0,0,0,0,0,0,2
Beautiful Alien (feat. AI AM) - Radio Edit,"Darude, AI AM",0LhHRmSd1EYM5QdNeNnCoQ,0a2TKGBIXhDpKhxJXq0iBs,0,0,0,0,0,0,0,1,0,0,1,0,0,0,0,0,1,0,1
Mambo No. 5 (a Little Bit of...),Lou Bega,46lnlnlU0dXTDpoAUmH6Qx,6x4tKaOzfNJpEJHySoiJcs,1,0,1,0,0,0,0,0,0,0,1,0,0,0,0,0,0,0,2
Give It Up,KC & The Sunshine Band,3mQBpAOMWYqAZyxtyeo4Lo,3yDhZq8f17SmumVmEyCaRN,1,0,0,0,0,0,0,0,0,0,1,0,0,0,0,0,0,0,2
Bad Boys (Theme from COPS),Inner Circle,5os0Ltvz8Q8BvXOPOd1frx,0qeKzbUsW0V4ZWRJrHNiD3,1,0,1,0,0,0,0,0,0,0,1,0,0,0,0,0,0,0,2
Johnny B. Goode,Chuck Berry,293zczrfYafIItmnmM3coR,2QfiRTz5Yc8DdShCxG1tB2,1,0,1,0,0,0,0,0,0,0,1,0,0,0,0,0,0,0,2
Bonfire,Knife Party,2DuJi13MWHjRHrqRUwk8vH,0QIYINh2AwmOmdu8CRYvlw,0,0,0,0,0,0,0,0,0,0,1,1,0,0,0,0,0,0,1
Flashback,Calvin Harris,7CajNmpbOovFoOoasH2HaY,6A8llSO9QFF4djCCmuCrNu,1,0,0,0,0,0,0,0,0,0,1,0,1,0,0,0,0,0,2
Empire State Of Mind,"JAY-Z, Alicia Keys",3nFkdlSjzX9mRTtwJOzDYB,2igwFfvr1OAGX9SKDCPBwO,1,0,0,0,0,0,0,0,0,0,1,0,0,0,0,0,1,0,2
Hotter Than Hell,Dua Lipa,6M2wZ9GZgrQXHCFfjv46we,5eTNdkstwKaNahHf41fJ9u,0,0,1,0,0,0,0,0,0,0,1,0,0,0,0,0,0,0,1
Blow Your Mind (Mwah),Dua Lipa,6M2wZ9GZgrQXHCFfjv46we,7kJlTKjNZVT26iwiDUVhRm,0,0,1,0,0,0,0,0,0,0,1,0,0,0,0,0,1,0,1
Life is a Highway,Rascal Flatts,0LyfQWJT6nXafLPZqxe9Of,5gB2IrxOCX2j9bMnHKP38i,1,0,0,0,0,0,0,0,0,0,1,0,0,0,0,0,1,0,2
Love The Way You Lie,"Eminem, Rihanna",7dGJo4pcD2V6oG8kP0tJRR,6UaRii9AH6Zss9xNMEQ2M9,0,0,0,0,1,1,0,0,0,1,0,0,0,0,0,0,0,0,0
2 MUCH (feat. 24hrs),"Flosstradamus, 24hrs",2FmzVitXZjIkFolH8HXd4j,6jtNk2zqbiZ9S7l6Gcp78A,0,0,0,0,0,0,0,0,0,0,1,1,0,0,0,0,0,0,1
Really Love (feat. Craig David & Digital Farm Animals),"KSI, Digital Farm Animals, Craig David",1nzgtKYFckznkcVMR3Gg4z,55RHkhHFQBUCEFVHoWwtFo,0,0,0,0,0,0,0,0,0,1,1,0,0,0,0,0,0,0,1
Fortunate Son,Creedence Clearwater Revival,3IYUhFvPQItj6xySrBmZkd,4BP3uh0hFLFRb5cjsgLqDh,0,0,0,0,0,1,0,0,0,0,0,0,0,0,1,0,1,0,0
Way down We Go,KALEO,7jdFEYD2LTYjfwxOdlVjmc,0y1QJc3SJVPKJ1OvFmFqe6,0,0,0,0,1,0,0,0,0,0,0,0,0,0,0,1,0,0,0
Astronaut In The Ocean,Masked Wolf,1uU7g3DNSbsu0QjSEqZtEd,0BGwAKW4u8kWOhWFflZxfl,0,0,1,0,0,0,0,0,0,0,1,0,0,0,1,0,0,0,1
Boss Bitch,Doja Cat,5cj0lLjcoR7YOSnhnX0Po5,78qd8dvwea0Gosb6Fe6j3k,0,0,1,0,0,0,0,0,0,0,1,0,0,0,0,0,0,0,1
Cotton Eye Joe,Rednex,22Zqu1yyebVnbve8FxbJ2g,06hsdMbBxWGqBO0TV0Zrkf,0,0,0,0,0,0,0,0,0,0,1,1,0,1,0,0,0,0,1
Smells Like Teen Spirit,Nirvana,6olE6TJLqED3rqDCT0FyPh,1f3yAtsJtY87CTmM8RLnxf,0,0,0,0,0,1,0,0,0,0,0,0,1,0,1,0,0,0,0
D√©j√†-Vu,"Timmy Trumpet, Savage",0CbeG1224FS58EUx4tPevZ,0swsqLCM1j5gdzFLtu2xQt,0,0,0,0,0,0,0,0,0,0,1,1,0,0,0,0,1,0,1
"Tokyo Drift (Fast & Furious) - From ""The Fast And The Furious: Tokyo Drift"" Soundtrack",Teriyaki Boyz,7HBai5xymOxIWoMWvWshe1,0upFohXrGxIIAjyaJmCkMU,0,0,1,0,0,0,0,0,0,0,1,0,0,0,0,0,0,0,1
Waterloo,ABBA,0LcJLqbBmaGUft1e9Mm8HV,0RzhMHIsFMbOGh0oWDvNNK,1,0,0,0,0,0,0,0,0,0,1,0,0,0,0,0,0,0,2
Starman - 2012 Remaster,David Bowie,0oSGxfWSnnOXhD2fKuz2Gy,0pQskrTITgmCMyr85tb9qq,1,0,0,0,0,0,0,0,0,0,1,0,0,0,0,0,1,0,2
Scatman (ski-ba-bop-ba-dop-bop),Scatman John,4omQQTNN7ILiMsSB2k9eqX,623rRTKwGmgjH6sjE9uWLh,1,0,0,0,0,0,0,0,0,0,1,0,0,0,0,0,1,0,2
Lean On,"Major Lazer, M√ò, DJ Snake",738wLrAtLtCtFOLvQBXOXp,5wldXGLEOoRXxMWJ8rIUWE,1,0,0,0,0,0,0,0,0,1,0,0,0,0,0,0,0,0,1
Strangers Do,Jonas Aden,1qq5e02CcWNFqZMbmdrIcj,4PQg6FbToTzRnN9pgxf9B9,0,0,0,0,0,0,0,0,0,0,1,1,0,0,0,0,1,0,1
V,Marcin Przyby≈Çowicz,07vycW8ICLf5hKb22PFWXw,2u1FWVxAb16qbgwPgygAdj,0,0,0,0,0,0,0,0,0,0,1,1,1,0,0,0,0,0,1
Chop Suey!,System Of A Down,5eAWCfyUhZtHHtBdNk56l1,2DlHlPMa4M17kufBvI2lEN,0,0,0,0,0,1,0,0,0,0,0,0,0,1,1,0,0,0,0
Bottom Of The Deep Blue Sea,MISSIO,2HOMW1liAxI3URnEq95SMS,6AvslIXIi9iaGvukefyVVK,0,0,0,0,1,1,0,0,0,0,0,0,0,0,1,0,0,0,0
Orinoco Flow,Enya,6uothxMWeLWIhsGeF7cyo4,14EUcXXpqrC03Dzzdj8bGr,1,0,0,0,0,0,0,0,0,0,1,0,0,0,0,0,1,0,2
Love Me Again,John Newman,34v5MVKeQnIo0CWYMbbrPf,5sZAcPQEriLrwpdIy5B2CH,1,0,0,0,0,0,0,0,0,0,1,0,0,0,0,0,1,0,2
Sandstorm,Darude,0LhHRmSd1EYM5QdNeNnCoQ,6Sy9BUbgFse0n0LPA5lwy5,0,0,0,0,0,0,0,0,0,0,1,1,0,0,0,0,1,0,1
Stressed Out,Twenty One Pilots,3YQKmKGau1PzlVlkL1iodx,3CRDbSIZ4r5MsZ0YwxuEkn,0,0,0,0,1,0,0,0,0,0,0,0,0,0,1,1,0,0,0
Plastic Heart,"Nostalghia, Tyler Bates, Joel J. Richard",75fIuwXxhZ1atNzWLMrgF0,7EPbzLbSzg9d94LZ9MnKFA,0,0,0,0,1,0,0,0,0,0,0,0,1,0,0,1,0,1,0
Old Town Road,Lil Nas X,7jVv8c5Fj3E9VhNjxT4snq,53CJANUxooaqGOtdsBTh7O,0,0,0,0,0,0,0,0,0,0,1,0,0,0,0,0,1,0,1
Baby Blue - Remastered 2010,Badfinger,4pJCawaKSZ40EnxN0YEYw3,6S3JlDAGk3uu3NtZbPnuhS,1,1,0,0,0,0,0,0,0,0,0,0,1,0,0,0,0,0,1
Dance Off (feat. Idris Elba & Anderson .Paak),"Macklemore & Ryan Lewis, Macklemore, Ryan Lewis, Idris Elba, Anderson .Paak",5BcAKTbp20cv7tC5VqPFoC,7pDxNYVQLKzrbkCe8OCag3,0,0,1,0,0,0,0,0,0,0,1,1,0,0,0,0,0,0,1
Heathens,Twenty One Pilots,3YQKmKGau1PzlVlkL1iodx,6i0V12jOa3mr6uu4WYhUBr,0,0,0,0,1,1,1,0,0,0,0,0,0,0,0,0,0,0,0
Enter Sandman (Remastered),Metallica,2ye2Wgw4gimLv2eAKyk1NB,3VqHuw0wFlIHcIPWkhIbdQ,0,0,1,0,0,1,0,0,0,0,0,0,0,0,0,0,0,0,0
Play with Fire (feat. Yacht Money),"Sam Tinnesz, Yacht Money",70TsVY28EcEUYSGG5Yw7mp,7vguMCv8uVuZLiQJ156u3Z,0,0,0,0,0,0,0,0,0,0,1,1,0,0,0,0,0,0,1
Ain't No Rest for the Wicked,Cage The Elephant,26T3LtbuGT1Fu9m0eRq5X3,3Pzh926pXggbMe2ZpXyMV7,0,0,0,0,1,0,0,0,0,0,0,0,0,0,1,0,0,0,0
Temperature,Sean Paul,3Isy6kedDrgPYoTS1dazA9,0k2GOhqsrxDTAbFFSdNJjT,1,0,1,0,0,0,0,0,0,0,1,0,0,0,0,0,0,0,2
Yellow,Coldplay,4gzpq5DPGxSnKTe4SA8HAU,3AJwUDP919kvQ9QcozQPxg,1,0,0,0,0,0,0,0,0,1,0,0,0,0,0,0,0,0,1
Levitating (feat. DaBaby),"Dua Lipa, DaBaby",6M2wZ9GZgrQXHCFfjv46we,5nujrmhLynf4yMoMtj8AQF,0,0,1,0,0,0,0,0,0,0,1,0,0,0,0,0,1,0,1
One Kiss (with Dua Lipa),"Calvin Harris, Dua Lipa",7CajNmpbOovFoOoasH2HaY,7ef4DlsgrMEH11cDZd32M6,1,0,0,0,0,0,0,0,0,1,1,0,0,0,0,0,0,0,2
Don't Start Now,Dua Lipa,6M2wZ9GZgrQXHCFfjv46we,3PfIrDoz19wz7qK7tYeu62,0,0,1,0,0,0,0,0,0,0,1,0,0,0,0,0,0,0,1
New Rules,Dua Lipa,6M2wZ9GZgrQXHCFfjv46we,2xJCMIJfcNYDc5iR0sAm2O,0,0,1,0,0,0,0,0,0,0,0,0,0,0,1,0,0,0,0
Flowers,Miley Cyrus,5YGY8feqx7naU7z4HrwZM6,7DSAEUvxU8FajXtRloy8M0,0,0,0,0,1,0,0,0,0,0,0,0,1,0,0,1,0,1,0
Lose Yourself,Eminem,0LyfQWJT6nXafLPZqxe9Of,7MJQ9Nfxzh8LPZ9e9u68Fq,0,0,1,0,0,0,0,0,0,0,1,0,0,0,0,0,0,0,1
Not Afraid,Eminem,7dGJo4pcD2V6oG8kP0tJRR,7Ie9W94M7OjPoZVV216Xus,0,0,1,0,0,0,0,0,0,0,0,0,0,0,0,0,0,0,0
Lose Yourself,Eminem,7dGJo4pcD2V6oG8kP0tJRR,1v7L65Lzy0j0vdpRjJewt1,0,0,1,0,0,0,0,0,0,0,0,0,0,0,0,0,0,0,0
"Freed From Desire - prod. Molella, Phil Jay","Gala, Molella, Phil Jay",3OqTvcWgb0xaainosGVvuZ,3u5N55tHf7hXATSQrjBh2q,1,0,0,0,0,0,0,0,0,0,1,0,0,0,0,0,1,0,2
Nothing Else Matters,Metallica,2ye2Wgw4gimLv2eAKyk1NB,0nLiqZ6A27jJri2VCalIUs,0,0,0,0,1,0,0,0,0,0,0,0,1,0,0,0,0,0,0
Enter Sandman,Metallica,2ye2Wgw4gimLv2eAKyk1NB,5sICkBXVmaCQk5aISGR3x1,0,0,1,0,0,1,0,0,0,0,1,0,0,0,0,0,0,0,1
Adventure of a Lifetime,Coldplay,4gzpq5DPGxSnKTe4SA8HAU,69uxyAqqPIsUyTO8txoP2M,1,0,0,0,0,0,0,0,0,0,1,0,0,0,0,0,0,0,2
A Head Full of Dreams,Coldplay,4gzpq5DPGxSnKTe4SA8HAU,6f49kbOuQSOsStBpyGvQfA,1,0,0,0,0,0,0,0,0,0,1,0,0,0,0,0,1,0,2
Biutyful,Coldplay,4gzpq5DPGxSnKTe4SA8HAU,2L2mM3rEO3arNIMQnb3dou,0,0,0,0,1,0,0,0,0,0,0,0,1,0,0,1,0,0,0
Champion Of The World,Coldplay,4gzpq5DPGxSnKTe4SA8HAU,6mf7BNgXs8JipPr2QILnyN,1,0,0,0,0,0,0,0,0,1,0,0,0,0,0,0,1,0,1
Charlie Brown,Coldplay,4gzpq5DPGxSnKTe4SA8HAU,1yqMgZNrevsWMLWfO2PRp5,0,0,0,0,0,0,0,0,0,0,1,0,0,0,0,0,1,0,1
Clocks,Coldplay,4gzpq5DPGxSnKTe4SA8HAU,0BCPKOYdS2jbQ8iyB56Zns,1,0,0,0,0,0,0,0,0,0,0,0,1,0,0,0,1,0,1
Coloratura,Coldplay,4gzpq5DPGxSnKTe4SA8HAU,0jH7gF7KCk2Lom9gimaKms,1,0,0,0,0,0,0,0,0,0,1,0,0,0,0,0,1,0,2
Cry Cry Cry,Coldplay,4gzpq5DPGxSnKTe4SA8HAU,4Kwhm5VU4huxmQtBqd1AXo,0,0,0,0,1,0,0,0,0,0,0,0,1,0,0,1,0,0,0
Daddy,Coldplay,4gzpq5DPGxSnKTe4SA8HAU,3nbFvropl2lgg6X3DAnkgf,0,0,0,0,1,0,0,0,0,0,0,0,1,0,0,0,0,0,0
Don't Panic,Coldplay,4gzpq5DPGxSnKTe4SA8HAU,2QhURnm7mQDxBb5jWkbDug,0,0,0,1,0,0,0,0,0,0,0,1,0,0,0,0,1,0,0
Everyday Life,Coldplay,4gzpq5DPGxSnKTe4SA8HAU,0h9fnCSnbUgOEgibnQByFv,0,0,0,0,1,0,0,0,0,0,0,0,1,0,0,0,0,0,0
Everglow,Coldplay,4gzpq5DPGxSnKTe4SA8HAU,5qfZRNjt2TkHEL12r3sDEU,1,0,0,0,0,0,0,0,0,1,0,0,1,0,0,0,0,0,1
Every Teardrop Is a Waterfall,Coldplay,4gzpq5DPGxSnKTe4SA8HAU,2U8g9wVcUu9wsg6i7sFSv8,0,0,0,0,1,0,0,0,0,0,0,0,0,0,0,1,1,0,0
Everything's Not Lost - Includes Hidden Track 'Life Is For Living',Coldplay,4gzpq5DPGxSnKTe4SA8HAU,1RNtm45kw0hPMBz7gKiIYu,1,1,0,0,0,0,0,0,0,0,0,0,0,0,0,0,1,0,1
Fix You,Coldplay,4gzpq5DPGxSnKTe4SA8HAU,7LVHVU3tWfcxj5aiPFEW4Q,0,0,0,0,1,0,0,0,0,1,0,0,0,0,0,0,1,0,0
God Put a Smile upon Your Face,Coldplay,4gzpq5DPGxSnKTe4SA8HAU,4hf0hL4kWyjWztZzVsM39V,0,0,1,0,0,0,0,0,0,0,1,0,0,0,0,0,1,0,1
Gravity,Coldplay,4gzpq5DPGxSnKTe4SA8HAU,44LVgFZvUcBYo98vy71tvd,0,0,0,0,1,0,0,0,0,0,0,0,1,0,0,1,0,0,0
Green Eyes,Coldplay,4gzpq5DPGxSnKTe4SA8HAU,3ou9rSNUQnE7XYmJkUUIOc,0,0,0,0,0,0,0,0,0,1,0,0,1,0,0,1,0,0,0
Higher Power,Coldplay,4gzpq5DPGxSnKTe4SA8HAU,65OR4ywy8Cgs3FDHK82Idl,1,0,0,0,0,0,0,0,0,0,1,0,0,0,0,0,1,0,2
Humankind,Coldplay,4gzpq5DPGxSnKTe4SA8HAU,23BO6YozrAXUta1buxFZ80,1,0,0,0,0,0,0,0,0,1,0,0,0,0,0,0,1,0,1
‚ôæ,Coldplay,4gzpq5DPGxSnKTe4SA8HAU,2wleRXcIPqltoDPLMH5WDa,0,0,0,0,1,0,0,0,0,0,0,0,0,0,0,1,0,0,0
In My Place,Coldplay,4gzpq5DPGxSnKTe4SA8HAU,2nvC4i2aMo4CzRjRflysah,0,0,0,0,1,0,0,0,0,0,0,0,1,0,0,1,0,0,0
Let Somebody Go,"Coldplay, Selena Gomez",4gzpq5DPGxSnKTe4SA8HAU,4cGqn0E8JCSY9gQllQj4Mf,0,0,0,0,1,0,0,0,0,0,0,0,1,0,0,1,0,0,0
Magic,Coldplay,4gzpq5DPGxSnKTe4SA8HAU,23khhseCLQqVMCIT1WMAns,1,0,0,0,0,0,0,0,0,0,1,0,0,0,0,0,1,0,2
Midnight,Coldplay,4gzpq5DPGxSnKTe4SA8HAU,4GKk1uNzpxIptBuaY97Dkj,0,0,0,0,1,0,0,0,0,0,0,0,1,0,0,1,0,0,0
ü™ê,Coldplay,4gzpq5DPGxSnKTe4SA8HAU,1a3G9SNslcKsPAOuIikaxd,1,0,0,0,0,0,0,0,0,1,0,0,0,0,0,0,1,0,1
My Universe,"Coldplay, BTS",4gzpq5DPGxSnKTe4SA8HAU,46HNZY1i7O6jwTA7Slo2PI,1,0,0,0,0,0,0,0,0,1,1,0,0,0,0,0,0,0,2
O,Coldplay,4gzpq5DPGxSnKTe4SA8HAU,77yuzxCS3csrgTPSW0pvyk,0,0,0,0,1,0,0,0,0,0,0,0,1,0,0,1,0,1,0
Orphans,Coldplay,4gzpq5DPGxSnKTe4SA8HAU,6YQlCOZnlFmqeciAh58fDE,0,0,0,0,1,0,0,0,0,0,0,0,0,0,0,1,1,0,0
Paradise,Coldplay,4gzpq5DPGxSnKTe4SA8HAU,6nek1Nin9q48AVZcWs9e9D,1,1,0,0,0,0,0,0,0,0,1,0,0,0,0,0,0,0,2
People of The Pride,Coldplay,4gzpq5DPGxSnKTe4SA8HAU,5ophZLHA9mwSZhQSmboyDN,1,1,0,0,0,0,0,0,0,0,0,0,0,0,0,0,1,0,1
Politik,Coldplay,4gzpq5DPGxSnKTe4SA8HAU,0u35Dpz37TY2M2j20RUdMf,0,0,0,0,1,0,0,0,0,0,0,0,0,0,1,1,0,1,0
The Scientist,Coldplay,4gzpq5DPGxSnKTe4SA8HAU,75JFxkI2RXiU7L9VXzMkle,0,0,0,0,1,0,0,0,0,0,0,0,1,0,0,1,0,1,0
Shiver,Coldplay,4gzpq5DPGxSnKTe4SA8HAU,0qksx8mV28lztYIZ1om8ml,0,0,0,0,1,0,0,0,0,0,0,0,1,0,0,1,0,1,0
Something Just Like This,"The Chainsmokers, Coldplay",69GGBxA162lTqCwzJG5jLp,1dNIEtp7AY3oDAKCGg2XkH,1,0,0,0,0,0,0,0,0,1,1,0,0,0,0,0,0,0,2
Sparks,Coldplay,4gzpq5DPGxSnKTe4SA8HAU,7D0RhFcb3CrfPuTJ0obrod,1,1,0,0,0,0,0,0,0,0,0,0,0,0,0,0,1,0,1
Speed of Sound,Coldplay,4gzpq5DPGxSnKTe4SA8HAU,7clUVcSOtkNWa58Gw5RfD4,0,0,0,0,0,0,0,0,0,0,0,0,1,0,0,0,1,0,0
Strawberry Swing,Coldplay,4gzpq5DPGxSnKTe4SA8HAU,6yswG61G9VemCfy7kh5gub,1,1,0,0,0,0,0,0,0,0,0,0,0,0,0,0,1,0,1
Sunrise,Coldplay,4gzpq5DPGxSnKTe4SA8HAU,6Tb7Zfo4PcSiS4TqQ4NnTh,1,0,0,0,0,0,0,0,0,0,1,0,0,0,0,0,0,0,2
Swallowed in the Sea,Coldplay,4gzpq5DPGxSnKTe4SA8HAU,2u2WL5N3KnQnykOZi3fxL6,0,0,0,0,1,0,0,0,0,0,0,0,1,0,0,1,0,1,0
The Hardest Part,Coldplay,4gzpq5DPGxSnKTe4SA8HAU,4Tw9JYF9HOuPRyccNWMgwf,0,0,0,0,1,0,0,0,0,0,0,0,0,0,1,1,0,0,0
Til Kingdom Come,Coldplay,4gzpq5DPGxSnKTe4SA8HAU,1wQXj5bgxyZQ2XmE2X9s6n,1,0,0,0,0,0,0,0,0,1,0,0,0,0,0,1,0,0,1
Trouble,Coldplay,4gzpq5DPGxSnKTe4SA8HAU,0R8P9KfGJCDULmlEoBagcO,0,0,0,0,1,0,0,0,0,0,0,0,0,0,1,1,0,0,0
Up&Up,Coldplay,4gzpq5DPGxSnKTe4SA8HAU,31L9yLXSj6LpCFupyMV6CR,1,0,0,0,0,0,0,0,0,1,0,0,0,0,0,0,1,0,1
Us Against the World,Coldplay,4gzpq5DPGxSnKTe4SA8HAU,5zyfzNnBzN7f7PVkJFnW2g,1,0,0,0,0,0,0,0,0,1,0,0,0,0,0,0,1,0,1
Violet Hill,Coldplay,4gzpq5DPGxSnKTe4SA8HAU,2wToK3W4tScxgpAinchUYf,0,0,0,0,1,0,0,0,0,0,0,0,0,0,1,1,0,0,0
Vossi Bop,Stormzy,2SrSdSvpminqmStGELCSNd,44ZJ4hLD5onikKsVLQaILr,0,0,1,0,0,0,0,0,0,0,1,0,0,0,0,0,1,0,1
"Take Me Back To London (Sir Spyro Remix) [feat. Stormzy, Jaykae & Aitch]","Ed Sheeran, Jaykae, Aitch, Stormzy, Sir Spyro",6eUKZXaKkcviH0Ku9w2n3V,4iYxrnTvYsTtyphOTqTvkh,0,0,0,0,0,0,0,0,0,0,1,0,1,0,0,0,1,0,1
Clean Up,"Chunkz, Yung Filly",3Lpx3ZSrsLeaVD9zKtGPiG,3v8Se9R6aP801DPHQiahED,1,0,0,0,0,0,0,0,0,0,1,0,0,0,0,0,1,0,2
I Dunno (feat. Dutchavelli & Stormzy),"Tion Wayne, dutchavelli, Stormzy",7b79bQFziJFedJb75k6hFt,3B0WbRucJ6ZIla2G9IVt2E,0,0,1,0,0,0,0,0,0,0,0,1,0,0,1,0,0,0,0
Houdini (feat. Swarmz & Tion Wayne),"KSI, Swarmz, Tion Wayne",1nzgtKYFckznkcVMR3Gg4z,3lay6f81Lhy0qp2Uvp4cNJ,0,0,1,0,0,0,0,0,0,0,1,0,0,0,0,0,0,0,1
Taste (Make It Shake),Aitch,2PJEagPIxaBugeMjIyKVXF,3evfXgwjSY5zuFxAHjMW5S,1,0,1,0,0,0,0,0,0,0,1,0,0,0,0,0,0,0,2
30,Aitch,2PJEagPIxaBugeMjIyKVXF,2LINywqqovb1DSYV4k4bNE,0,0,1,0,0,0,0,0,0,0,1,0,0,0,0,0,1,0,1
Rover (feat. DTG),"S1mba, DTG",71jSVPQ6yskfyvWeiwvT5s,4slSrbTK1sNK4I1mDYEthf,0,0,1,0,0,0,0,0,0,0,1,0,0,0,0,0,1,0,1
Rain,"Aitch, AJ Tracey, Tay Keith",2PJEagPIxaBugeMjIyKVXF,5LBikzSkad9yQ6RH87Gdrm,0,0,0,0,1,0,0,0,0,0,0,0,0,0,1,1,0,0,0
Freaky (feat. Poundz & Dappy),"Swarmz, Poundz, Dappy",2yPprAQlrIQWu60g09B9MZ,5yXPiEReqyIdDf3BviDNjz,0,0,1,0,0,0,0,0,0,0,1,0,0,0,0,0,0,0,1
Safe To Say,Aitch,2PJEagPIxaBugeMjIyKVXF,5oMref8zWe18ohL4JJ9N2P,1,0,0,0,0,0,0,0,0,0,1,0,0,0,0,0,0,0,2
Strike a Pose (feat. Aitch),"Young T & Bugsey, Aitch",6M6XXCcO5gI68XpIlrUL3Z,23GvTfcGK454ppLsts3W44,0,0,1,0,0,0,0,0,0,0,1,0,0,0,0,0,1,0,1
MICE,Aitch,2PJEagPIxaBugeMjIyKVXF,7CT7P8PxTxM4rI0AvsEKjW,1,0,1,0,0,0,0,0,0,0,1,0,0,0,0,0,0,0,2
Confidence,"Yung Filly, Chunkz, Geko",3OEJ7D4RwbnNFuG9JczKEa,3Xz3WUs8VPng3L8BRnB6Hs,0,0,1,0,0,0,0,0,0,0,1,0,0,0,0,0,0,0,1
Hold,"Chunkz, Yung Filly",3Lpx3ZSrsLeaVD9zKtGPiG,7vNuWM68PF5O5rBWtWXvnl,1,0,0,0,0,0,0,0,0,1,0,0,0,0,0,0,0,0,1
"Body (Remix) [feat. ArrDee, E1 (3x3), ZT (3x3), Bugzy Malone, Buni, Fivio Foreign & Darkoo]","Tion Wayne, Russ Millions, ArrDee, E1 (3x3), ZT (3x3), Bugzy Malone, Buni, Fivio Foreign, Darkoo",7b79bQFziJFedJb75k6hFt,6uvMKqNlrSvcC4NaKnrwjZ,1,0,1,0,0,0,0,0,0,0,1,0,0,0,0,0,0,0,2
Legend Has It,Run The Jewels,4RnBFZRiMLRyZy0AzzTg2C,4RnfMhMUMqHlrn4V6A3KfS,0,0,1,0,0,0,0,0,0,0,1,0,0,0,0,0,1,0,1
Heartless,The Weeknd,1Xyo4u8uXC1ZmMpatF05PJ,57vxBYXtHMk6H1aD29V7PU,0,0,0,0,1,1,0,0,0,0,0,0,0,0,1,0,0,0,0
Blinding Lights,The Weeknd,1Xyo4u8uXC1ZmMpatF05PJ,0sf12qNH5qcw8qpgymFOqD,1,0,0,0,0,0,0,0,0,0,1,0,0,0,0,0,0,0,2
Starboy,"The Weeknd, Daft Punk",1Xyo4u8uXC1ZmMpatF05PJ,7MXVkk9YMctZqd1Srtv4MB,0,0,1,0,0,0,0,0,0,0,1,0,0,0,0,0,0,0,1
Reminder,The Weeknd,1Xyo4u8uXC1ZmMpatF05PJ,37F0uwRSrdzkBiuj0D5UHI,0,0,0,0,0,0,0,0,0,0,1,0,0,0,0,0,1,0,1
Party Monster,The Weeknd,1Xyo4u8uXC1ZmMpatF05PJ,4F7A0DXBrmUAkp32uenhZt,1,0,0,0,0,0,0,0,0,0,1,0,0,0,0,0,0,0,2
Lights Up,Harry Styles,6KImCVD70vtIoJWnq6nGn3,4jAIqgrPjKLTY9Gbez25Qb,1,0,0,0,0,0,0,0,0,0,1,0,0,0,0,0,1,0,2
Watermelon Sugar,Harry Styles,6KImCVD70vtIoJWnq6nGn3,1e9oZCCiX42nJl0AcqriVo,1,0,0,0,0,0,0,0,0,0,1,0,0,0,0,0,1,0,2
Adore You,Harry Styles,6KImCVD70vtIoJWnq6nGn3,1M4qEo4HE3PRaCOM7EXNJq,1,0,0,0,0,0,0,0,0,1,1,0,0,0,0,0,0,0,2
HOLIDAY,Lil Nas X,7jVv8c5Fj3E9VhNjxT4snq,6zFMeegAMYQo0mt8rXtrli,1,0,0,0,0,0,0,0,0,0,1,0,0,0,0,0,1,0,2
Royals,Lorde,163tK9Wjr9P9DmM0AVK7lm,2dLLR6qlu5UJ5gk0dKz0h3,0,0,1,0,0,0,0,0,0,0,0,0,0,0,1,0,1,0,0
Somebody That I Used To Know,"Gotye, Kimbra",2AsusXITU8P25dlRNhcAbG,4wCmqSrbyCgxEXROQE6vtV,0,0,0,0,1,1,0,0,0,0,0,0,0,0,0,0,0,0,0
Ride,Twenty One Pilots,3YQKmKGau1PzlVlkL1iodx,2Z8WuEywRWYTKe1NybPQEW,0,0,1,0,0,0,0,0,0,0,1,0,0,0,0,1,0,0,1
Believer,Imagine Dragons,53XhwfbYqKCa1cC15pYq2q,0CcQNd8CINkwQfe1RDtGV6,0,0,1,0,0,1,0,0,0,0,0,0,0,0,0,0,1,0,0
Thunder,Imagine Dragons,53XhwfbYqKCa1cC15pYq2q,0tKcYR2II1VCQWT79i5NrW,0,0,0,0,0,0,0,0,0,0,1,1,0,0,0,0,1,0,1
Demons,Imagine Dragons,53XhwfbYqKCa1cC15pYq2q,2Oehrcv4Kov0SuIgWyQY9e,0,0,0,0,1,0,0,0,0,0,0,0,0,0,1,1,0,0,0
Natural,Imagine Dragons,53XhwfbYqKCa1cC15pYq2q,2FY7b99s15jUprqC0M5NCT,0,0,1,0,0,0,0,0,0,0,1,0,0,0,0,0,1,0,1
Whatever It Takes,Imagine Dragons,53XhwfbYqKCa1cC15pYq2q,4IWAyPf1KMq7JCyGeCjTeH,0,0,1,0,0,0,0,0,0,0,0,0,0,0,0,0,1,0,0
It's Time,Imagine Dragons,53XhwfbYqKCa1cC15pYq2q,3xqF04FdMK7gpIPG3SPFpY,0,0,0,0,0,0,0,0,0,0,1,0,0,0,0,1,1,0,1
On Top Of The World,Imagine Dragons,53XhwfbYqKCa1cC15pYq2q,4eLSCSELtKxZwXnFbNLXT5,1,0,0,0,0,0,0,0,0,0,1,0,0,0,0,0,1,0,2
Gold,Imagine Dragons,53XhwfbYqKCa1cC15pYq2q,1WQFOwtI6EfsvRz7wcDbQm,1,0,0,0,0,0,0,0,0,0,1,0,0,0,0,0,1,0,2
We Are Young (feat. Janelle Mon√°e),"fun., Janelle Mon√°e",5nCi3BB41mBaMH9gfr6Su0,7a86XRg84qjasly9f6bPSD,1,0,0,0,0,0,0,0,0,0,1,0,0,0,0,0,0,0,2
Shots,Imagine Dragons,53XhwfbYqKCa1cC15pYq2q,64MmobYNviePoiaINMrbMn,0,0,0,0,0,1,0,0,0,0,1,0,0,0,1,0,0,0,1
Radioactive,Imagine Dragons,53XhwfbYqKCa1cC15pYq2q,4G8gkOterJn0Ywt6uhqbhp,0,0,0,0,0,1,0,0,0,0,0,0,0,0,0,0,0,0,0
"Feels (feat. Pharrell Williams, Katy Perry & Big Sean)","Calvin Harris, Pharrell Williams, Katy Perry, Big Sean, Funk Wav",7CajNmpbOovFoOoasH2HaY,5bcTCxgc7xVfSaMV3RuVke,1,0,0,0,0,0,0,0,0,0,1,0,0,0,0,0,0,0,2
Sign of the Times,Harry Styles,6KImCVD70vtIoJWnq6nGn3,5Ohxk2dO5COHF1krpoPigN,0,0,0,0,1,0,1,0,0,0,0,0,0,0,0,0,0,0,0
Follow You,Imagine Dragons,53XhwfbYqKCa1cC15pYq2q,7FdUvDkaE24o3FPIWTvzv2,1,0,0,0,0,0,0,0,0,1,1,0,0,0,0,0,0,0,2
Roses,"The Chainsmokers, ROZES",69GGBxA162lTqCwzJG5jLp,3vv9phIu6Y1vX3jcqaGz5Z,1,0,0,0,0,0,0,0,0,1,0,0,0,0,0,0,1,0,1
All We Know,"The Chainsmokers, Phoebe Ryan",69GGBxA162lTqCwzJG5jLp,2rizacJSyD9S1IQUxUxnsK,0,0,0,0,1,0,0,0,1,0,0,0,0,0,1,0,0,0,0
Don't Let Me Down,"The Chainsmokers, Daya",69GGBxA162lTqCwzJG5jLp,1i1fxkWeaMmKEB4T7zqbzK,1,0,0,0,0,0,0,0,0,1,1,0,0,0,0,0,0,0,2
Inside Out,"The Chainsmokers, Charlee",69GGBxA162lTqCwzJG5jLp,7sG2bWi2eDtvX9vX8yC1Gn,1,0,0,0,0,0,0,0,0,0,1,0,0,0,0,0,0,0,2
Setting Fires,"The Chainsmokers, XYL√ò",69GGBxA162lTqCwzJG5jLp,2PC9Tl8SWVO2yhDDtJcrAi,0,0,0,0,1,0,0,0,0,0,0,0,0,0,0,1,0,0,0
Clarity,"Zedd, Foxes",2qxJFvFYMEDqd7ui6kSAcq,0VGrgE7GbWaINRnh1bR4k9,0,0,0,0,0,0,0,0,0,0,1,0,0,0,0,1,1,0,1
Beautiful Now,"Zedd, Jon Bellion",2qxJFvFYMEDqd7ui6kSAcq,7FJP35tUJ2121EJsFpU1Gh,1,0,0,0,0,0,0,0,0,1,1,0,0,0,0,0,0,0,2
The Hills,The Weeknd,1Xyo4u8uXC1ZmMpatF05PJ,7fBv7CLKzipRk6EC6TWHOB,0,0,0,0,1,1,0,0,0,0,0,0,0,0,0,0,0,0,0
Can't Feel My Face,The Weeknd,1Xyo4u8uXC1ZmMpatF05PJ,22VdIZQfgXJea34mQxlt81,1,0,0,0,0,0,0,0,0,0,1,0,0,0,0,0,1,0,2
"Earned It (Fifty Shades Of Grey) - From The ""Fifty Shades Of Grey"" Soundtrack",The Weeknd,1Xyo4u8uXC1ZmMpatF05PJ,2PIvq1pGrUjY007X5y1UpM,0,0,0,0,0,0,0,0,0,0,0,0,0,0,0,0,0,0,0
I Feel It Coming,"The Weeknd, Daft Punk",1Xyo4u8uXC1ZmMpatF05PJ,3dhjNA0jGA8vHBQ1VdD6vV,1,0,0,0,0,0,0,0,0,0,1,0,0,0,0,0,0,0,2
Often,The Weeknd,1Xyo4u8uXC1ZmMpatF05PJ,4PhsKqMdgMEUSstTDAmMpg,1,0,1,0,0,0,0,0,0,0,0,0,0,0,0,0,0,0,1
Some Way,"NAV, The Weeknd",7rkW85dBwwrJtlHRDkJDAC,7zxRMhXxJMQCeDDg0rKAVo,0,0,1,0,0,0,0,0,0,0,1,0,0,0,0,0,1,0,1
Save Your Tears (with Ariana Grande) (Remix),"The Weeknd, Ariana Grande",1Xyo4u8uXC1ZmMpatF05PJ,37BZB0z9T8Xu7U3e65qxFy,0,0,0,0,1,0,0,0,0,0,0,0,1,0,0,1,0,1,0
Location,Khalid,6LuN9FCkKOj5PcnpouEgny,152lZdxL1OR0ZMW6KquMif,0,1,0,0,0,0,0,0,0,1,0,1,0,0,0,0,0,0,0
Young Dumb & Broke,Khalid,6LuN9FCkKOj5PcnpouEgny,5Z3GHaZ6ec9bsiI5BenrbY,1,1,0,0,0,0,0,0,0,0,0,0,0,0,0,0,0,0,1
Gold,Kiiara,4u5smJBskI6Adzv08PuiUP,6ZSO7kPn8IMJFymyticbJO,1,0,0,0,1,0,0,0,0,0,1,0,0,0,0,0,0,0,2
Lush Life,Zara Larsson,1Xylc3o4UrD53lo9CvFvVg,1rIKgCH4H52lrvDcz50hS8,1,0,0,0,0,0,0,0,0,0,1,0,0,0,0,0,1,0,2
Roots,Imagine Dragons,53XhwfbYqKCa1cC15pYq2q,4GITtbZtRCQXhWLMXrWXHt,1,1,0,0,0,0,0,0,0,0,0,0,1,0,0,0,0,0,1
Sugar,Maroon 5,04gDigrS5kc9YWfZHwBETP,2iuZJX9X9P0GKaE93xcPjk,1,0,0,0,0,0,0,0,0,1,1,0,0,0,0,0,0,0,2
Payphone,"Maroon 5, Wiz Khalifa",04gDigrS5kc9YWfZHwBETP,1LmN9SSHISbtp9LoaR5ZVJ,0,0,0,0,1,0,0,0,0,0,0,0,0,0,1,1,0,0,0
I Bet My Life,Imagine Dragons,53XhwfbYqKCa1cC15pYq2q,15DrrIod12Tc2IoMaHiwlQ,0,0,0,0,1,0,0,0,0,0,0,0,0,0,1,0,0,0,0
Bleeding Out,Imagine Dragons,53XhwfbYqKCa1cC15pYq2q,0RchWnEHETINMAyrTrlBmo,0,0,0,0,1,1,0,0,0,0,0,0,0,0,0,1,0,0,0
Friction,Imagine Dragons,53XhwfbYqKCa1cC15pYq2q,2iIb73Qn02LsZwpW8RJUxh,0,0,0,0,0,1,0,0,0,0,0,0,0,0,1,0,0,0,0
Moves Like Jagger,"Maroon 5, Christina Aguilera",0LyfQWJT6nXafLPZqxe9Of,64QftS2rGzpynevjuCsJXW,0,0,1,0,0,0,0,0,0,0,1,0,0,0,0,0,1,0,1
Cutthroat,Imagine Dragons,53XhwfbYqKCa1cC15pYq2q,0n0TbMUY2xrZlvd5J6XsqO,0,0,0,0,0,1,0,0,0,0,0,0,0,0,1,0,0,0,0
Rolling in the Deep,Adele,4dpARuHxo51G3z768sgnrY,1c8gk2PeTE04A1pIDH9YMk,0,0,0,0,1,1,0,0,0,0,0,0,0,0,1,0,0,0,0
Skyfall,Adele,4dpARuHxo51G3z768sgnrY,6VObnIkLVruX4UVyxWhlqm,0,0,0,0,1,0,0,0,0,0,0,0,0,0,0,1,0,0,0
Marvin Gaye (feat. Meghan Trainor),"Charlie Puth, Meghan Trainor",6VuMaDnrHyPL1p4EHjYLi7,6ukMqDxnOPOgoHdak7Kyp3,1,0,0,0,0,0,0,0,0,1,1,0,0,0,0,0,0,0,2
PILLOWTALK,ZAYN,5ZsFI1h6hIdQRw2ti0hz81,0PDUDa38GO8lMxLCRc4lL1,0,0,0,0,0,0,0,0,0,1,1,0,0,0,0,1,0,0,1
WILD,Troye Sivan,3WGpXCj9YhhfX11TToZcXP,2HWWsTZxnLSUdFZ4gjsP5N,0,0,0,0,0,0,0,0,0,0,1,0,0,0,0,1,1,0,1
YOUTH,Troye Sivan,3WGpXCj9YhhfX11TToZcXP,1cOyWWUr3oXJIxY0AjJEx9,0,0,0,0,0,0,0,0,0,0,1,0,1,0,0,0,1,0,1
Cake By The Ocean,DNCE,6T5tfhQCknKG4UnH90qGnz,76hfruVvmfQbw0eYn1nmeC,1,0,0,0,0,0,0,0,0,0,1,0,0,0,0,0,0,0,2
Toothbrush,DNCE,6T5tfhQCknKG4UnH90qGnz,7ciLq0Cip0yxiz6KANrOUq,0,0,0,0,0,0,0,0,0,1,1,0,0,0,0,0,0,0,1
Kissing Strangers,"DNCE, Nicki Minaj",6T5tfhQCknKG4UnH90qGnz,1NkwZ9TnIs8js6G0M6M7RU,0,0,0,0,0,0,0,0,0,0,1,1,0,0,0,0,1,0,1
Body Moves,DNCE,6T5tfhQCknKG4UnH90qGnz,2igbKtoBMXdYgYPkCpl0V4,1,0,0,0,0,0,0,0,0,0,1,0,0,0,0,0,0,0,2
Kiwi,Harry Styles,6KImCVD70vtIoJWnq6nGn3,33SNO8AaciGbNaQFkxvPrW,0,0,0,0,0,0,0,0,0,0,1,1,0,0,0,0,1,0,1
Heat Waves,Glass Animals,4yvcSjfu4PC0CYQyLy4wSq,02MWAaffLxlfxAUY7c5dvx,0,0,0,0,0,0,0,0,0,0,0,0,1,1,0,1,0,0,0
Enemy (with JID) - from the series Arcane League of Legends,"Imagine Dragons, JID, Arcane, League of Legends",53XhwfbYqKCa1cC15pYq2q,1r9xUipOqoNwggBpENDsvJ,0,0,0,0,0,0,0,0,0,0,1,1,0,0,0,0,1,0,1
Enemy (with JID) - from the series Arcane League of Legends,"Imagine Dragons, JID, Arcane, League of Legends",53XhwfbYqKCa1cC15pYq2q,1HhNoOuqm1a5MXYEgAFl8o,0,0,0,0,0,0,0,0,0,0,1,1,0,0,0,0,1,0,1
Viva Las Vengeance,Panic! At The Disco,20JZFwl6HVl6yg8a4H3ZqK,2XRh87n9CQoWkWW94H3Min,0,0,0,0,0,1,0,0,0,0,1,0,0,0,1,0,0,0,1
High Hopes,Panic! At The Disco,20JZFwl6HVl6yg8a4H3ZqK,1rqqCSm0Qe4I9rUvWncaom,0,0,0,0,0,0,0,0,0,0,1,0,0,0,0,0,1,0,1
House of Memories,Panic! At The Disco,20JZFwl6HVl6yg8a4H3ZqK,2DgdHcjWmO3qd50RzuBLgZ,0,0,0,0,1,0,0,0,0,0,0,0,1,0,0,1,0,1,0
ME! (feat. Brendon Urie of Panic! At The Disco),"Taylor Swift, Brendon Urie, Panic! At The Disco",06HL4z0CvFAxyc27GXpf02,2Rk4JlNc2TPmZe2af99d45,1,0,0,0,0,0,0,0,0,0,1,0,0,0,0,0,0,0,2
I Write Sins Not Tragedies,Panic! At The Disco,20JZFwl6HVl6yg8a4H3ZqK,4bPQs0PHn4xbipzdPfn6du,0,0,0,0,0,1,0,0,0,0,0,0,0,0,1,0,0,0,0
The Ballad of Mona Lisa,Panic! At The Disco,20JZFwl6HVl6yg8a4H3ZqK,5rLi8B8qgk6qThwRnKHW2P,0,0,1,0,0,0,0,0,0,0,1,1,0,0,0,0,0,0,1
Emperor's New Clothes,Panic! At The Disco,20JZFwl6HVl6yg8a4H3ZqK,3px2rAPu74ltbkf9eZsZ8h,0,0,1,0,0,0,0,0,0,0,1,0,0,0,0,0,1,0,1
"Hey Look Ma, I Made It",Panic! At The Disco,20JZFwl6HVl6yg8a4H3ZqK,22oEJW6r2rMb9z4IntfyEa,0,0,1,0,0,0,0,0,0,0,1,0,0,0,0,0,0,0,1
This Is Gospel,Panic! At The Disco,20JZFwl6HVl6yg8a4H3ZqK,3yZQk5PC52CCmT4ZaTIKvv,0,0,0,0,1,0,0,0,0,0,0,0,0,0,1,1,0,0,0
Into the Unknown - Panic! At The Disco Version,Panic! At The Disco,0LyfQWJT6nXafLPZqxe9Of,421eObjg0DTm2qajJl5OJm,0,0,0,0,0,0,0,0,0,0,1,1,0,0,0,0,0,0,1
Don't Threaten Me with a Good Time,Panic! At The Disco,20JZFwl6HVl6yg8a4H3ZqK,2fh3bZ8jZhMxOcfESE9nQY,0,0,1,0,0,0,1,0,0,0,1,0,0,0,0,0,0,0,1
Say Amen (Saturday Night),Panic! At The Disco,20JZFwl6HVl6yg8a4H3ZqK,76vMKwFtdDDCLcM6zXybjB,1,0,1,0,0,0,0,0,0,0,1,0,0,0,0,0,0,0,2
The Greatest Show,Panic! At The Disco,20JZFwl6HVl6yg8a4H3ZqK,55PZSFcKQxXH5BOOcDA6yI,0,0,0,0,0,0,0,0,0,0,1,1,0,0,0,0,1,0,1
Miss Jackson (feat. LOLO),"Panic! At The Disco, LOLO",20JZFwl6HVl6yg8a4H3ZqK,46Kcradxrva9Dny4lHU1b3,0,0,0,0,1,1,0,0,0,0,0,0,0,0,1,0,0,0,0
Victorious,Panic! At The Disco,20JZFwl6HVl6yg8a4H3ZqK,6od5hFv9IT5JHc7NEF9HRv,1,0,1,0,0,0,0,0,0,0,1,0,0,0,0,0,0,0,2
Lying Is the Most Fun a Girl Can Have Without Taking Her Clothes Off,Panic! At The Disco,20JZFwl6HVl6yg8a4H3ZqK,5eB7w8UZJKjL5XmnC6Pctg,0,0,1,0,0,0,0,0,0,0,1,0,0,0,1,0,0,0,1
Nine in the Afternoon - Single Mix,Panic! At The Disco,20JZFwl6HVl6yg8a4H3ZqK,1S30kHvkkdMkcuCTGSgS41,1,0,0,0,0,0,0,0,0,0,1,0,0,0,0,0,1,0,2
Girls / Girls / Boys,Panic! At The Disco,20JZFwl6HVl6yg8a4H3ZqK,2wEjPgOCEczmjlvq60LyQi,0,0,1,0,0,0,0,0,0,1,1,0,0,0,0,0,0,0,1
Death of a Bachelor,Panic! At The Disco,20JZFwl6HVl6yg8a4H3ZqK,1BECwm5qkaBwlbfo4kpYx8,1,0,0,0,0,0,0,0,0,0,1,0,0,0,0,0,1,0,2
Let's Kill Tonight,Panic! At The Disco,20JZFwl6HVl6yg8a4H3ZqK,14uvyd51Ha7FihKHlOtUig,0,0,1,0,0,1,0,0,0,0,1,0,0,0,0,0,0,0,1
"Build God, Then We'll Talk",Panic! At The Disco,20JZFwl6HVl6yg8a4H3ZqK,4rstj4vgkFq49R2VV0fbxX,0,0,0,0,1,0,0,0,0,0,0,0,0,1,1,0,0,0,0
Nicotine,Panic! At The Disco,20JZFwl6HVl6yg8a4H3ZqK,5Q4H1XkVHxQjnrHCUpS61d,0,0,0,0,1,0,0,0,0,0,0,0,1,0,0,1,0,1,0
LA Devotee,Panic! At The Disco,20JZFwl6HVl6yg8a4H3ZqK,2fmCA13dwQQOGBIbIOWRiJ,0,0,0,0,0,0,0,0,0,0,1,1,0,0,0,0,0,0,1
New Perspective,Panic! At The Disco,0LyfQWJT6nXafLPZqxe9Of,5psEUJWeJU2BiOYyWdjgxZ,0,0,0,0,0,0,0,0,0,0,1,1,0,0,0,0,1,0,1
The Only Difference Between Martyrdom and Suicide Is Press Coverage,Panic! At The Disco,20JZFwl6HVl6yg8a4H3ZqK,4WdopfTdSd0nCLropjhsgH,1,0,0,0,0,0,0,0,0,0,1,0,0,0,0,0,1,0,2
Roaring 20s,Panic! At The Disco,20JZFwl6HVl6yg8a4H3ZqK,0wdV94AXGRphrbkDWLNzVC,0,0,0,0,0,0,0,0,0,0,1,1,0,0,0,0,1,0,1
Don't Let The Light Go Out,Panic! At The Disco,20JZFwl6HVl6yg8a4H3ZqK,2Tg7Tc4H50u11aDpmSRQTB,0,0,0,0,1,0,0,0,0,0,0,0,0,0,0,0,0,0,0
Sarah Smiles,Panic! At The Disco,20JZFwl6HVl6yg8a4H3ZqK,00h6syYCxPKVsInPHXhdZ1,0,0,0,0,0,0,0,0,0,1,0,0,0,0,0,0,0,0,0
But It's Better If You Do,Panic! At The Disco,20JZFwl6HVl6yg8a4H3ZqK,2ZqTtndqAZDRAWw2vgZwQK,1,0,0,0,0,0,0,0,0,0,1,0,0,0,0,0,0,0,2
King of the Clouds,Panic! At The Disco,20JZFwl6HVl6yg8a4H3ZqK,50Hv5NZIM0puIUoBttjpfb,0,0,0,0,0,0,0,0,0,0,1,1,0,0,0,0,1,0,1
Collar Full,Panic! At The Disco,20JZFwl6HVl6yg8a4H3ZqK,1zN3CZlafjfEiMR9uXQGrW,0,0,0,0,0,0,0,0,0,0,1,1,0,0,0,0,0,0,1
Nearly Witches (Ever Since We Met...),Panic! At The Disco,20JZFwl6HVl6yg8a4H3ZqK,2KA3lvDwQQiyvuJJvzifGL,0,0,0,0,0,0,0,0,0,0,0,0,1,1,1,0,0,0,0
"There's a Good Reason These Tables Are Numbered Honey, You Just Haven't Thought of It Yet",Panic! At The Disco,20JZFwl6HVl6yg8a4H3ZqK,4xSVkbqCz1xaevkjP8xXL5,0,0,1,0,0,0,0,0,0,0,1,0,0,0,0,0,1,0,1
One of the Drunks,Panic! At The Disco,20JZFwl6HVl6yg8a4H3ZqK,5trCWbYtza0QUxdmF9HAPX,0,0,1,0,0,0,0,0,0,0,1,0,0,0,1,0,0,0,1
Far Too Young to Die,Panic! At The Disco,20JZFwl6HVl6yg8a4H3ZqK,4NTL7fT4eqfPao94lmqth2,0,0,0,0,1,0,0,0,0,0,0,0,0,0,1,1,0,0,0
Northern Downpour,Panic! At The Disco,20JZFwl6HVl6yg8a4H3ZqK,49SL9f1Kz73p0bzsNPTY4l,0,0,0,0,1,0,0,0,0,0,0,0,1,0,0,0,0,0,0
Always,Panic! At The Disco,20JZFwl6HVl6yg8a4H3ZqK,5VL7pScLlKe4MbB8EAivgA,1,0,0,0,0,0,0,0,0,0,1,0,0,0,0,0,1,0,2
C'mon - Single Version,"Panic! At The Disco, fun.",20JZFwl6HVl6yg8a4H3ZqK,53c9tTEHXWL5GkYNalbXZ3,1,0,0,0,0,0,0,0,0,0,1,1,0,0,0,0,0,0,2
Middle Of A Breakup,Panic! At The Disco,20JZFwl6HVl6yg8a4H3ZqK,18Lvxsm4l6noRNjQW8nS4b,0,0,0,0,1,0,0,0,0,0,0,0,0,0,1,0,0,0,0
That Green Gentleman (Things Have Changed),Panic! At The Disco,20JZFwl6HVl6yg8a4H3ZqK,2d1D1E8M48hHE99u6BO8RN,0,0,0,0,0,0,0,0,0,0,0,0,0,0,0,0,0,0,0
Hurricane,Panic! At The Disco,20JZFwl6HVl6yg8a4H3ZqK,7l9uOhfVJC8Y0c6PXHrgbs,0,0,0,0,1,1,0,0,0,0,0,0,0,0,1,0,0,1,0
Bohemian Rhapsody,Panic! At The Disco,0LyfQWJT6nXafLPZqxe9Of,2YSbHu9XF4bNYWt3MnIhgE,0,0,0,0,1,0,0,0,0,0,0,0,0,1,0,1,0,0,0
Say It Louder,Panic! At The Disco,20JZFwl6HVl6yg8a4H3ZqK,61aS3LDHi60ZZr3ZpHG2AP,0,0,0,0,0,0,0,0,0,0,1,0,0,0,0,0,1,0,1
When the Day Met the Night,Panic! At The Disco,20JZFwl6HVl6yg8a4H3ZqK,7v1b3qExlTFrpFWrtcnUpE,1,0,0,0,0,0,0,0,0,0,1,0,0,0,0,0,1,0,2
High Hopes - White Panda Remix,"Panic! At The Disco, White Panda",20JZFwl6HVl6yg8a4H3ZqK,1wR8ATQr0sxSfp6jGJ5Oe6,1,0,0,0,0,0,0,0,0,0,1,0,0,0,0,0,1,0,2
Local God,Panic! At The Disco,20JZFwl6HVl6yg8a4H3ZqK,2RQ0D9N823H0WT1vSy74RM,0,0,1,0,0,0,0,0,0,0,1,0,0,0,0,0,1,0,1
She Had the World,Panic! At The Disco,20JZFwl6HVl6yg8a4H3ZqK,673WCjn0SxKJD4qRKczaCk,0,0,0,0,1,0,0,0,0,0,0,0,1,0,0,1,0,1,0
Sugar Soaker,Panic! At The Disco,20JZFwl6HVl6yg8a4H3ZqK,5SJdekNLV0K53bTxkP3tyq,0,0,0,0,0,0,0,0,0,1,1,0,0,0,0,0,1,0,1
Running Up That Hill (A Deal With God),Kate Bush,1aSxMhuvixZ8h9dK9jIDwL,1PtQJZVZIdWIYdARpZRDFO,0,0,0,0,1,0,0,0,0,0,0,0,0,0,0,1,1,0,0
A Million Dreams,"Ziv Zaifman, Hugh Jackman, Michelle Williams",0LyfQWJT6nXafLPZqxe9Of,0RoA7ObU6phWpqhlC9zH4Z,1,1,0,0,0,0,0,0,0,0,0,0,0,0,0,0,0,0,1
Rewrite The Stars,"Zac Efron, Zendaya",0LyfQWJT6nXafLPZqxe9Of,65fpYBrI8o2cfrwf2US4gq,0,0,0,0,0,0,0,0,0,1,0,0,0,0,0,1,1,0,0
The Other Side,"Hugh Jackman, Zac Efron",0LyfQWJT6nXafLPZqxe9Of,2cKovq3l6OJjhVVDbVKOsr,1,0,0,0,0,0,0,0,0,0,1,0,0,0,0,0,1,0,2
City Of Stars,Ryan Gosling,2snm3HmsnDUDxbIChdl2Oj,5BMwpS4iYKR30kq9U9beaT,1,0,0,0,0,0,0,0,0,0,0,0,1,0,0,0,1,0,1
A Lovely Night,"Ryan Gosling, Emma Stone",2snm3HmsnDUDxbIChdl2Oj,4r9hiElqKWMPT4Z3vN2exq,1,0,0,0,0,0,0,0,0,1,1,0,0,0,0,0,0,0,2
Someone In The Crowd,"Emma Stone, Callie Hernandez, Sonoya Mizuno, Jessica Rothe",2snm3HmsnDUDxbIChdl2Oj,39ncDMVidHOeQgeC5anYZM,1,0,0,0,0,0,0,0,0,0,1,1,0,0,0,0,0,0,2
Another Day Of Sun,La La Land Cast,2snm3HmsnDUDxbIChdl2Oj,5kRBzRZmZTXVg8okC7SJFZ,1,0,0,0,0,0,0,0,0,0,1,0,0,0,0,0,1,0,2
"Circle of Life (From ""The Lion King"") - From ""The Lion King"" Soundtrack","Carmen Twillie, Lebo M.",0LyfQWJT6nXafLPZqxe9Of,7tL61fgLUj48iB6JXVWzii,1,0,0,0,0,0,0,0,0,1,0,0,0,0,0,0,0,0,1
This Land,"Hans Zimmer, Lebo M.",0LyfQWJT6nXafLPZqxe9Of,6EKywtYHtZLAvxyEcqrbE7,0,0,0,0,0,0,0,0,0,0,0,0,0,0,0,0,0,0,0
Tightrope,Michelle Williams,0LyfQWJT6nXafLPZqxe9Of,0GVuLQtPXFaL18ijEOqoAa,0,0,1,0,0,0,0,0,0,0,1,0,0,0,0,0,1,0,1
Kaer Morhen,Marcin Przyby≈Çowicz,07vycW8ICLf5hKb22PFWXw,761SMhVKJlJlUCUveNcq1m,0,0,0,0,0,0,0,0,0,0,0,0,1,0,0,1,0,0,0
